{
  "type": "FeatureCollection",
  "generator": "overpass-turbo",
  "copyright": "The data included in this document is from www.openstreetmap.org. The data is made available under ODbL.",
  "timestamp": "2026-01-23T00:35:43Z",
  "features": [
    {
      "type": "Feature",
      "properties": {
        "@id": "node/29829423",
        "historic:railway": "station",
        "name": "Zgierz Północ",
        "network": "PKP Polskie Linie Kolejowe",
        "operator": "PKP Polskie Linie Kolejowe",
        "operator:short": "PKP PLK",
        "public_transport": "station",
        "railway": "station",
        "railway:ref": "ZgP",
        "train": "yes",
        "wikidata": "Q2599845",
        "wikipedia": "pl:Zgierz Północ"
      },
      "geometry": {
        "type": "Point",
        "coordinates": [
          19.3837488,
          51.8691546
        ]
      },
      "id": "node/29829423"
    },
    {
      "type": "Feature",
      "properties": {
        "@id": "node/29830245",
        "name": "Grotniki",
        "operator": "PKP Polskie Linie Kolejowe",
        "operator:short": "PKP PLK",
        "public_transport": "station",
        "railway": "halt",
        "smokefree": "yes",
        "train": "yes",
        "wikidata": "Q1903071",
        "wikipedia": "pl:Grotniki (przystanek kolejowy)"
      },
      "geometry": {
        "type": "Point",
        "coordinates": [
          19.3110371,
          51.8872389
        ]
      },
      "id": "node/29830245"
    },
    {
      "type": "Feature",
      "properties": {
        "@id": "node/29830311",
        "name": "Chociszew",
        "name:ru": "Хоцишев",
        "name:uk": "Хоцішев",
        "operator": "PKP Polskie Linie Kolejowe",
        "operator:short": "PKP PLK",
        "public_transport": "station",
        "railway": "station",
        "railway:ref": "Ch",
        "wikidata": "Q2606879",
        "wikipedia": "pl:Chociszew (stacja kolejowa)"
      },
      "geometry": {
        "type": "Point",
        "coordinates": [
          19.2673865,
          51.9234492
        ]
      },
      "id": "node/29830311"
    },
    {
      "type": "Feature",
      "properties": {
        "@id": "node/29830362",
        "name": "Ozorków",
        "name:ru": "Озоркув",
        "name:uk": "Озоркув",
        "operator": "PKP Polskie Linie Kolejowe",
        "operator:short": "PKP PLK",
        "public_transport": "station",
        "railway": "station",
        "railway:ref": "Oz",
        "wikidata": "Q2184207",
        "wikipedia": "pl:Ozorków (stacja kolejowa)"
      },
      "geometry": {
        "type": "Point",
        "coordinates": [
          19.2662162,
          51.9714974
        ]
      },
      "id": "node/29830362"
    },
    {
      "type": "Feature",
      "properties": {
        "@id": "node/29830409",
        "alt_name:de": "Lenczyca",
        "name": "Łęczyca",
        "name:de": "Lentschitza",
        "name:pl": "Łęczyca",
        "name:ru": "Ленчица",
        "name:uk": "Ленчиця",
        "operator": "PKP Polskie Linie Kolejowe",
        "operator:short": "PKP PLK",
        "public_transport": "station",
        "railway": "station",
        "railway:ref": "Łc",
        "train": "yes",
        "wheelchair": "yes",
        "wikidata": "Q929283",
        "wikipedia": "pl:Łęczyca (stacja kolejowa)"
      },
      "geometry": {
        "type": "Point",
        "coordinates": [
          19.1932523,
          52.049237
        ]
      },
      "id": "node/29830409"
    },
    {
      "type": "Feature",
      "properties": {
        "@id": "node/29830442",
        "name": "Gawrony",
        "operator": "PKP Polskie Linie Kolejowe",
        "operator:short": "PKP PLK",
        "public_transport": "station",
        "railway": "halt",
        "train": "yes",
        "wikidata": "Q2862049",
        "wikipedia": "pl:Gawrony (przystanek kolejowy)"
      },
      "geometry": {
        "type": "Point",
        "coordinates": [
          19.2195626,
          52.1123405
        ]
      },
      "id": "node/29830442"
    },
    {
      "type": "Feature",
      "properties": {
        "@id": "node/29830460",
        "name": "Witonia",
        "name:ru": "Витония",
        "name:uk": "Вітонія",
        "operator": "PKP Polskie Linie Kolejowe",
        "operator:short": "PKP PLK",
        "public_transport": "station",
        "railway": "station",
        "railway:ref": "Wt",
        "wikidata": "Q9375931",
        "wikipedia": "pl:Witonia (stacja kolejowa)"
      },
      "geometry": {
        "type": "Point",
        "coordinates": [
          19.2765941,
          52.1568164
        ]
      },
      "id": "node/29830460"
    },
    {
      "type": "Feature",
      "properties": {
        "@id": "node/29830557",
        "name": "Nowe Kutnowskie",
        "network": "Koleje Wielkopolskie",
        "network:short": "KW",
        "operator": "PKP Polskie Linie Kolejowe",
        "operator:short": "PKP PLK",
        "public_transport": "station",
        "railway": "halt",
        "wikidata": "Q2340534",
        "wikipedia": "pl:Nowe Kutnowskie"
      },
      "geometry": {
        "type": "Point",
        "coordinates": [
          19.2265055,
          52.2377303
        ]
      },
      "id": "node/29830557"
    },
    {
      "type": "Feature",
      "properties": {
        "@id": "node/29830586",
        "name": "Turzynów",
        "network": "Koleje Wielkopolskie",
        "network:short": "KW",
        "operator": "PKP Polskie Linie Kolejowe",
        "operator:short": "PKP PLK",
        "public_transport": "station",
        "railway": "halt",
        "ref": "1466",
        "wikidata": "Q4693905",
        "wikipedia": "pl:Turzynów (przystanek kolejowy)"
      },
      "geometry": {
        "type": "Point",
        "coordinates": [
          19.0259006,
          52.230464
        ]
      },
      "id": "node/29830586"
    },
    {
      "type": "Feature",
      "properties": {
        "@id": "node/29830619",
        "name": "Barłogi",
        "name:ru": "Барлоги",
        "name:uk": "Барлогі",
        "operator": "PKP Polskie Linie Kolejowe",
        "operator:short": "PKP PLK",
        "public_transport": "station",
        "railway": "station",
        "railway:ref": "Br",
        "wikidata": "Q9166508",
        "wikipedia": "pl:Barłogi (stacja kolejowa)"
      },
      "geometry": {
        "type": "Point",
        "coordinates": [
          18.7678959,
          52.2159231
        ]
      },
      "id": "node/29830619"
    },
    {
      "type": "Feature",
      "properties": {
        "@id": "node/29830665",
        "name": "Budki Nowe",
        "network": "Koleje Wielkopolskie",
        "network:short": "KW",
        "operator": "PKP Polskie Linie Kolejowe",
        "operator:short": "PKP PLK",
        "public_transport": "station",
        "railway": "halt",
        "wikidata": "Q1975757",
        "wikipedia": "pl:Budki Nowe"
      },
      "geometry": {
        "type": "Point",
        "coordinates": [
          18.5634491,
          52.2444479
        ]
      },
      "id": "node/29830665"
    },
    {
      "type": "Feature",
      "properties": {
        "@id": "node/29830683",
        "name": "Kramsk",
        "name:ru": "Крамск",
        "name:uk": "Крамск",
        "operator": "PKP Polskie Linie Kolejowe",
        "operator:short": "PKP PLK",
        "public_transport": "station",
        "railway": "station",
        "railway:ref": "Kr",
        "ref": "7218",
        "train": "yes",
        "wikidata": "Q11747949",
        "wikipedia": "pl:Kramsk (stacja kolejowa)"
      },
      "geometry": {
        "type": "Point",
        "coordinates": [
          18.4766921,
          52.2451849
        ]
      },
      "id": "node/29830683"
    },
    {
      "type": "Feature",
      "properties": {
        "@id": "node/29830753",
        "name": "Konin",
        "name:lt": "Koninas",
        "name:pl": "Konin",
        "name:ru": "Конин",
        "name:uk": "Конін",
        "network": "Koleje Wielkopolskie;PKP Intercity",
        "network:short": "KW;IC",
        "operator": "PKP Polskie Linie Kolejowe",
        "operator:short": "PKP PLK",
        "platforms": "2",
        "public_transport": "station",
        "railway": "station",
        "railway:ref": "Kn",
        "ref": "79",
        "uic_ref": "5100026",
        "wikidata": "Q1978193",
        "wikipedia": "pl:Konin (stacja kolejowa)"
      },
      "geometry": {
        "type": "Point",
        "coordinates": [
          18.2540998,
          52.2310979
        ]
      },
      "id": "node/29830753"
    },
    {
      "type": "Feature",
      "properties": {
        "@id": "node/29831728",
        "name": "Konin Zachód",
        "operator": "PKP Polskie Linie Kolejowe",
        "operator:short": "PKP PLK",
        "public_transport": "station",
        "railway": "halt",
        "wikidata": "Q1971310",
        "wikipedia": "pl:Konin Zachód"
      },
      "geometry": {
        "type": "Point",
        "coordinates": [
          18.2217382,
          52.236896
        ]
      },
      "id": "node/29831728"
    },
    {
      "type": "Feature",
      "properties": {
        "@id": "node/29831807",
        "name": "Kawnice",
        "network": "Koleje Wielkopolskie",
        "network:short": "KW",
        "operator": "PKP Polskie Linie Kolejowe",
        "operator:short": "PKP PLK",
        "public_transport": "station",
        "railway": "halt",
        "wikidata": "Q11737577",
        "wikipedia": "pl:Kawnice (przystanek kolejowy)"
      },
      "geometry": {
        "type": "Point",
        "coordinates": [
          18.1508848,
          52.2498494
        ]
      },
      "id": "node/29831807"
    },
    {
      "type": "Feature",
      "properties": {
        "@id": "node/29831828",
        "name": "Spławie",
        "network": "Koleje Wielkopolskie",
        "network:short": "KW",
        "operator": "PKP Polskie Linie Kolejowe",
        "operator:short": "PKP PLK",
        "public_transport": "station",
        "railway": "halt",
        "wikidata": "Q2011390",
        "wikipedia": "pl:Spławie (przystanek kolejowy)"
      },
      "geometry": {
        "type": "Point",
        "coordinates": [
          18.0911225,
          52.2577002
        ]
      },
      "id": "node/29831828"
    },
    {
      "type": "Feature",
      "properties": {
        "@id": "node/29831879",
        "name": "Cienin Kościelny",
        "network": "Koleje Wielkopolskie",
        "network:short": "KW",
        "operator": "PKP Polskie Linie Kolejowe",
        "operator:short": "PKP PLK",
        "public_transport": "station",
        "railway": "halt",
        "wikidata": "Q1826735",
        "wikipedia": "pl:Cienin Kościelny (przystanek kolejowy)"
      },
      "geometry": {
        "type": "Point",
        "coordinates": [
          18.0095344,
          52.270059
        ]
      },
      "id": "node/29831879"
    },
    {
      "type": "Feature",
      "properties": {
        "@id": "node/60120651",
        "name": "Bratoszewice",
        "railway": "halt"
      },
      "geometry": {
        "type": "Point",
        "coordinates": [
          19.6527947,
          51.938509
        ]
      },
      "id": "node/60120651"
    },
    {
      "type": "Feature",
      "properties": {
        "@id": "node/60122372",
        "name": "Łódź Lublinek",
        "name:ru": "Лодзь Люблинек",
        "name:uk": "Лодзь Люблінек",
        "network": "PKP Polskie Linie Kolejowe",
        "operator": "PKP Polskie Linie Kolejowe",
        "operator:short": "PKP PLK",
        "public_transport": "station",
        "railway": "station",
        "railway:ref": "ŁLb",
        "wikidata": "Q1885900",
        "wikipedia": "pl:Łódź Lublinek (stacja kolejowa)"
      },
      "geometry": {
        "type": "Point",
        "coordinates": [
          19.3592771,
          51.7209139
        ]
      },
      "id": "node/60122372"
    },
    {
      "type": "Feature",
      "properties": {
        "@id": "node/67248282",
        "name": "Wilkoszewice",
        "operator": "PKP Polskie Linie Kolejowe",
        "operator:short": "PKP PLK",
        "public_transport": "station",
        "railway": "halt",
        "train": "yes",
        "wikidata": "Q3108397",
        "wikipedia": "pl:Wilkoszewice (przystanek kolejowy)"
      },
      "geometry": {
        "type": "Point",
        "coordinates": [
          19.6304323,
          51.2515894
        ]
      },
      "id": "node/67248282"
    },
    {
      "type": "Feature",
      "properties": {
        "@id": "node/92794059",
        "name": "Tomaszów Mazowiecki",
        "name:ru": "Томашув Мазовецки",
        "name:uk": "Томашув Мазовецькі",
        "network": "Łódzka Kolej Aglomeracyjna;Polregio",
        "network:short": "ŁKA;PR",
        "operator": "PKP Polskie Linie Kolejowe",
        "operator:short": "PKP PLK",
        "public_transport": "station",
        "railway": "station",
        "railway:ref": "Tm",
        "railway:ref:DB": "XPTM",
        "wikidata": "Q9359866",
        "wikipedia": "pl:Tomaszów Mazowiecki (stacja kolejowa)"
      },
      "geometry": {
        "type": "Point",
        "coordinates": [
          20.0336231,
          51.5469372
        ]
      },
      "id": "node/92794059"
    },
    {
      "type": "Feature",
      "properties": {
        "@id": "node/92794089",
        "name": "Szadkowice",
        "operator": "PKP Polskie Linie Kolejowe",
        "operator:short": "PKP PLK",
        "public_transport": "station",
        "railway": "halt",
        "train": "yes",
        "wikidata": "Q2877129",
        "wikipedia": "pl:Szadkowice (przystanek kolejowy)"
      },
      "geometry": {
        "type": "Point",
        "coordinates": [
          20.1684603,
          51.4196465
        ]
      },
      "id": "node/92794089"
    },
    {
      "type": "Feature",
      "properties": {
        "@id": "way/217876402",
        "building": "yes",
        "name": "Biernatki",
        "railway": "halt",
        "@geometry": "center"
      },
      "geometry": {
        "type": "Point",
        "coordinates": [
          18.1928001,
          51.8098001
        ]
      },
      "id": "way/217876402"
    },
    {
      "type": "Feature",
      "properties": {
        "@id": "way/217876429",
        "addr:housenumber": "119",
        "addr:place": "Żelazków",
        "addr:postcode": "62-817",
        "building": "yes",
        "name": "Żelazków",
        "railway": "halt",
        "source:addr": "zelazkow.e-mapa.net",
        "@geometry": "center"
      },
      "geometry": {
        "type": "Point",
        "coordinates": [
          18.1787887,
          51.8508951
        ]
      },
      "id": "way/217876429"
    },
    {
      "type": "Feature",
      "properties": {
        "@id": "node/242095470",
        "name": "Sieradz",
        "name:ru": "Серадз",
        "name:uk": "Серадз",
        "operator": "PKP Polskie Linie Kolejowe",
        "operator:short": "PKP PLK",
        "public_transport": "station",
        "railway": "station",
        "railway:ref": "Sr",
        "railway:ref:DB": "XPSR",
        "wheelchair": "yes",
        "wikidata": "Q1859549",
        "wikipedia": "pl:Sieradz (stacja kolejowa)"
      },
      "geometry": {
        "type": "Point",
        "coordinates": [
          18.7136441,
          51.5976548
        ]
      },
      "id": "node/242095470"
    },
    {
      "type": "Feature",
      "properties": {
        "@id": "node/242095567",
        "name": "Sieradz Warta",
        "operator": "PKP Polskie Linie Kolejowe",
        "operator:short": "PKP PLK",
        "railway": "halt",
        "wikidata": "Q687558",
        "wikipedia": "pl:Sieradz Warta"
      },
      "geometry": {
        "type": "Point",
        "coordinates": [
          18.7303652,
          51.6030132
        ]
      },
      "id": "node/242095567"
    },
    {
      "type": "Feature",
      "properties": {
        "@id": "node/242219670",
        "name": "Kamieńsk",
        "operator": "PKP Polskie Linie Kolejowe",
        "operator:short": "PKP PLK",
        "public_transport": "station",
        "railway": "halt",
        "train": "yes",
        "wikidata": "Q761654",
        "wikipedia": "pl:Kamieńsk (przystanek kolejowy)"
      },
      "geometry": {
        "type": "Point",
        "coordinates": [
          19.4991442,
          51.1862977
        ]
      },
      "id": "node/242219670"
    },
    {
      "type": "Feature",
      "properties": {
        "@id": "node/242282342",
        "internet_access": "yes",
        "name": "Częstochowa Gnaszyn",
        "name:ru": "Ченстохова-Гначин",
        "name:uk": "Ченстохова-Гначин",
        "operator": "PKP Polskie Linie Kolejowe",
        "operator:short": "PKP PLK",
        "public_transport": "station",
        "railway": "station",
        "railway:ref": "Gn",
        "wikidata": "Q9200049",
        "wikipedia": "pl:Częstochowa Gnaszyn"
      },
      "geometry": {
        "type": "Point",
        "coordinates": [
          19.0291879,
          50.7915853
        ]
      },
      "id": "node/242282342"
    },
    {
      "type": "Feature",
      "properties": {
        "@id": "node/243797124",
        "name": "Lisów",
        "name:ru": "Лишув",
        "name:uk": "Лішув",
        "operator": "PKP Polskie Linie Kolejowe",
        "operator:short": "PKP PLK",
        "public_transport": "station",
        "railway": "station",
        "railway:ref": "Lis",
        "uic_ref": "5102026",
        "wikidata": "Q2252804",
        "wikipedia": "pl:Lisów (stacja kolejowa)"
      },
      "geometry": {
        "type": "Point",
        "coordinates": [
          18.791065,
          50.7208436
        ]
      },
      "id": "node/243797124"
    },
    {
      "type": "Feature",
      "properties": {
        "@id": "node/253272796",
        "name": "Wkra",
        "operator": "PKP Polskie Linie Kolejowe",
        "operator:short": "PKP PLK",
        "railway": "halt",
        "wikidata": "Q2509981",
        "wikipedia": "pl:Wkra (przystanek kolejowy)"
      },
      "geometry": {
        "type": "Point",
        "coordinates": [
          20.5718284,
          52.5847855
        ]
      },
      "id": "node/253272796"
    },
    {
      "type": "Feature",
      "properties": {
        "@id": "node/253326650",
        "name": "Kraski",
        "name:ru": "Краски",
        "name:uk": "Краскі",
        "railway": "station",
        "wikidata": "Q3261866",
        "wikipedia": "pl:Kraski (stacja kolejowa)"
      },
      "geometry": {
        "type": "Point",
        "coordinates": [
          18.9058761,
          52.0389691
        ]
      },
      "id": "node/253326650"
    },
    {
      "type": "Feature",
      "properties": {
        "@id": "node/296132816",
        "name": "Wołczyn",
        "name:de": "Konstadt",
        "name:pl": "Wołczyn",
        "name:ru": "Волчин",
        "name:uk": "Вольчин",
        "old_name:de": "Constadt",
        "operator": "PKP Polskie Linie Kolejowe",
        "operator:short": "PKP PLK",
        "public_transport": "station",
        "railway": "station",
        "railway:ref": "Wł",
        "uic_ref": "5104104",
        "wikidata": "Q9377918",
        "wikipedia": "pl:Wołczyn (stacja kolejowa)"
      },
      "geometry": {
        "type": "Point",
        "coordinates": [
          18.047335,
          51.0134476
        ]
      },
      "id": "node/296132816"
    },
    {
      "type": "Feature",
      "properties": {
        "@id": "node/296132840",
        "name": "Smardy",
        "operator": "PKP Polskie Linie Kolejowe",
        "operator:short": "PKP PLK",
        "public_transport": "station",
        "railway": "halt",
        "train": "yes",
        "uic_ref": "5103474",
        "wikidata": "Q9338611",
        "wikipedia": "pl:Smardy (przystanek kolejowy)"
      },
      "geometry": {
        "type": "Point",
        "coordinates": [
          18.1443157,
          50.9922429
        ]
      },
      "id": "node/296132840"
    },
    {
      "type": "Feature",
      "properties": {
        "@id": "node/296132852",
        "name": "Kluczbork",
        "name:de": "Kreuzburg",
        "name:lt": "Kliučborkas",
        "name:pl": "Kluczbork",
        "name:ru": "Ключборк",
        "name:szl": "Klůczborek",
        "name:uk": "Ключборк",
        "old_name:de": "Kreuzburg O.S.",
        "operator": "PKP Polskie Linie Kolejowe",
        "operator:short": "PKP PLK",
        "public_transport": "station",
        "railway": "station",
        "railway:ref": "Kb",
        "uic_ref": "5100236",
        "wikidata": "Q2190209",
        "wikipedia": "pl:Kluczbork (stacja kolejowa)"
      },
      "geometry": {
        "type": "Point",
        "coordinates": [
          18.201009,
          50.9710826
        ]
      },
      "id": "node/296132852"
    },
    {
      "type": "Feature",
      "properties": {
        "@id": "node/320994355",
        "name": "Kazimierówka",
        "network": "Warszawska Kolej Dojazdowa",
        "network:short": "WKD",
        "operator": "Warszawska Kolej Dojazdowa",
        "operator:short": "WKD",
        "public_transport": "station",
        "railway": "halt",
        "train": "yes",
        "wikidata": "Q11738538",
        "wikipedia": "pl:Kazimierówka (przystanek kolejowy)"
      },
      "geometry": {
        "type": "Point",
        "coordinates": [
          20.6980025,
          52.1108786
        ]
      },
      "id": "node/320994355"
    },
    {
      "type": "Feature",
      "properties": {
        "@id": "node/330070194",
        "name": "Cieksyn",
        "operator": "PKP Polskie Linie Kolejowe",
        "operator:short": "PKP PLK",
        "public_transport": "station",
        "railway": "halt",
        "train": "yes",
        "wikidata": "Q2128354",
        "wikipedia": "pl:Cieksyn (przystanek kolejowy)"
      },
      "geometry": {
        "type": "Point",
        "coordinates": [
          20.6641782,
          52.5774355
        ]
      },
      "id": "node/330070194"
    },
    {
      "type": "Feature",
      "properties": {
        "@id": "node/340662725",
        "name": "Milanówek Grudów",
        "network": "Warszawska Kolej Dojazdowa",
        "network:short": "WKD",
        "operator": "Warszawska Kolej Dojazdowa",
        "operator:short": "WKD",
        "public_transport": "station",
        "railway": "halt",
        "wikidata": "Q2895407",
        "wikipedia": "pl:Milanówek Grudów"
      },
      "geometry": {
        "type": "Point",
        "coordinates": [
          20.682483,
          52.122236
        ]
      },
      "id": "node/340662725"
    },
    {
      "type": "Feature",
      "properties": {
        "@id": "node/371098784",
        "name": "Grodzisk Mazowiecki Radońska",
        "name:ru": "Гродзиск-Мазовецкий Радоньская",
        "name:uk": "Гродзіск-Мазовецкий Радонська",
        "network": "Warszawska Kolej Dojazdowa",
        "network:short": "WKD",
        "operator": "Warszawska Kolej Dojazdowa",
        "operator:short": "WKD",
        "platforms": "2",
        "public_transport": "station",
        "railway": "station",
        "railway:ref": "GR",
        "train": "yes",
        "wheelchair": "yes",
        "wikidata": "Q1892575",
        "wikipedia": "pl:Grodzisk Mazowiecki Radońska"
      },
      "geometry": {
        "type": "Point",
        "coordinates": [
          20.6284506,
          52.1006418
        ]
      },
      "id": "node/371098784"
    },
    {
      "type": "Feature",
      "properties": {
        "@id": "node/417385664",
        "name": "Częstochowa Stradom",
        "name:ru": "Ченстохова-Страдом",
        "name:uk": "Ченстохова-Страдом",
        "operator": "PKP Polskie Linie Kolejowe",
        "operator:short": "PKP PLK",
        "public_transport": "station",
        "railway": "station",
        "railway:ref": "CS",
        "wheelchair": "yes",
        "wikidata": "Q764387",
        "wikipedia": "pl:Częstochowa Stradom"
      },
      "geometry": {
        "type": "Point",
        "coordinates": [
          19.1069996,
          50.7973211
        ]
      },
      "id": "node/417385664"
    },
    {
      "type": "Feature",
      "properties": {
        "@id": "node/417908879",
        "description": "Przystanek osobowy, posterunek odgałęźny i ładownia",
        "name": "Radkowice",
        "operator": "PKP Polskie Linie Kolejowe",
        "operator:short": "PKP PLK",
        "public_transport": "station",
        "railway": "station",
        "railway:ref": "Rd",
        "wheelchair": "no",
        "wikidata": "Q1953216",
        "wikipedia": "pl:Radkowice (przystanek kolejowy)"
      },
      "geometry": {
        "type": "Point",
        "coordinates": [
          20.5284185,
          50.7802204
        ]
      },
      "id": "node/417908879"
    },
    {
      "type": "Feature",
      "properties": {
        "@id": "node/417909427",
        "name": "Sitkówka Nowiny",
        "name:ru": "Ситкувка-Новины",
        "name:uk": "Сіткувка-Новіни",
        "operator": "PKP Polskie Linie Kolejowe",
        "operator:short": "PKP PLK",
        "public_transport": "station",
        "railway": "station",
        "railway:ref": "SkN",
        "wikidata": "Q609349",
        "wikipedia": "pl:Sitkówka Nowiny"
      },
      "geometry": {
        "type": "Point",
        "coordinates": [
          20.5504133,
          50.8182563
        ]
      },
      "id": "node/417909427"
    },
    {
      "type": "Feature",
      "properties": {
        "@id": "node/417910859",
        "loc_name": "PKP Włoszczowa Północna",
        "name": "Włoszczowa Północ",
        "name:ru": "Влощова Север",
        "name:uk": "Влощова Північ",
        "old_name": "Włoszczowa Północna",
        "operator": "PKP Polskie Linie Kolejowe",
        "operator:short": "PKP PLK",
        "public_transport": "station",
        "railway": "station",
        "railway:ref": "WP",
        "railway:ref:DB": "XPWLP",
        "start_date": "1974",
        "train": "yes",
        "wikidata": "Q2309003",
        "wikipedia": "pl:Włoszczowa Północ"
      },
      "geometry": {
        "type": "Point",
        "coordinates": [
          19.9460452,
          50.8563947
        ]
      },
      "id": "node/417910859"
    },
    {
      "type": "Feature",
      "properties": {
        "@id": "node/453162104",
        "name": "Dąbie nad Nerem",
        "name:ru": "Домбъе над Нерем",
        "name:uk": "Домб'є над Нерем",
        "railway": "station",
        "wikidata": "Q5253036",
        "wikipedia": "pl:Dąbie nad Nerem (stacja kolejowa)"
      },
      "geometry": {
        "type": "Point",
        "coordinates": [
          18.8604663,
          52.1039146
        ]
      },
      "id": "node/453162104"
    },
    {
      "type": "Feature",
      "properties": {
        "@id": "node/499858659",
        "addr:city": "Piasecznica",
        "name": "Piasecznica",
        "operator": "PKP Polskie Linie Kolejowe",
        "operator:short": "PKP PLK",
        "public_transport": "station",
        "railway": "halt",
        "train": "yes",
        "wikidata": "Q3430685",
        "wikipedia": "pl:Piasecznica (przystanek kolejowy)"
      },
      "geometry": {
        "type": "Point",
        "coordinates": [
          20.344358,
          52.2100168
        ]
      },
      "id": "node/499858659"
    },
    {
      "type": "Feature",
      "properties": {
        "@id": "node/499875562",
        "name": "Seroki",
        "operator": "PKP Polskie Linie Kolejowe",
        "operator:short": "PKP PLK",
        "public_transport": "station",
        "railway": "halt",
        "train": "yes",
        "wikidata": "Q2107799",
        "wikipedia": "pl:Seroki (przystanek kolejowy)"
      },
      "geometry": {
        "type": "Point",
        "coordinates": [
          20.4675803,
          52.196476
        ]
      },
      "id": "node/499875562"
    },
    {
      "type": "Feature",
      "properties": {
        "@id": "node/499875804",
        "name": "Teresin Niepokalanów",
        "name:pl": "Teresin Niepokalanów",
        "name:ru": "Тересин Непокаланув",
        "name:uk": "Тересін Непокаланув",
        "old_name": "Szymanów",
        "operator": "PKP Polskie Linie Kolejowe",
        "operator:short": "PKP PLK",
        "public_transport": "station",
        "railway": "station",
        "railway:ref": "TN",
        "train": "yes",
        "uic_ref": "5103722",
        "wikidata": "Q2497128",
        "wikipedia": "pl:Teresin Niepokalanów"
      },
      "geometry": {
        "type": "Point",
        "coordinates": [
          20.4163976,
          52.2022073
        ]
      },
      "id": "node/499875804"
    },
    {
      "type": "Feature",
      "properties": {
        "@id": "node/499875814",
        "name": "Boża Wola",
        "operator": "PKP Polskie Linie Kolejowe",
        "operator:short": "PKP PLK",
        "public_transport": "station",
        "railway": "halt",
        "train": "yes",
        "wikidata": "Q1995141",
        "wikipedia": "pl:Boża Wola (przystanek kolejowy)"
      },
      "geometry": {
        "type": "Point",
        "coordinates": [
          20.5268713,
          52.189889
        ]
      },
      "id": "node/499875814"
    },
    {
      "type": "Feature",
      "properties": {
        "@id": "node/499908494",
        "name": "Gostynin",
        "name:ru": "Гостынин",
        "name:uk": "Гостинін",
        "operator": "PKP Polskie Linie Kolejowe",
        "operator:short": "PKP PLK",
        "public_transport": "station",
        "railway": "station",
        "railway:ref": "Gs",
        "wikidata": "Q2358237",
        "wikipedia": "pl:Gostynin (stacja kolejowa)"
      },
      "geometry": {
        "type": "Point",
        "coordinates": [
          19.4761741,
          52.4334171
        ]
      },
      "id": "node/499908494"
    },
    {
      "type": "Feature",
      "properties": {
        "@id": "node/502872060",
        "addr:city": "Sochaczew",
        "name": "Sochaczew Muzeum",
        "name:ru": "Сохачев Музей",
        "name:uk": "Сохачев Музей",
        "operator": "Sochaczewska Kolej Muzealna",
        "public_transport": "station",
        "railway": "station",
        "wikidata": "Q2789997",
        "wikipedia": "pl:Sochaczew Muzeum"
      },
      "geometry": {
        "type": "Point",
        "coordinates": [
          20.2377155,
          52.2178658
        ]
      },
      "id": "node/502872060"
    },
    {
      "type": "Feature",
      "properties": {
        "@id": "node/502872129",
        "addr:city": "Brochów",
        "name": "Brochów",
        "operator": "Sochaczewska Kolej Muzealna",
        "railway": "halt",
        "wikidata": "Q16533546",
        "wikipedia": "pl:Brochów (przystanek kolejowy)"
      },
      "geometry": {
        "type": "Point",
        "coordinates": [
          20.2842352,
          52.314693
        ]
      },
      "id": "node/502872129"
    },
    {
      "type": "Feature",
      "properties": {
        "@id": "node/502872157",
        "addr:city": "Wilcze Tułowskie",
        "name": "Wilcze Tułowskie",
        "operator": "Sochaczewska Kolej Muzealna",
        "railway": "halt",
        "wikidata": "Q114666496"
      },
      "geometry": {
        "type": "Point",
        "coordinates": [
          20.3037055,
          52.3496054
        ]
      },
      "id": "node/502872157"
    },
    {
      "type": "Feature",
      "properties": {
        "@id": "node/505060964",
        "addr:city": "Sochaczew",
        "name": "Sochaczew Miasto",
        "operator": "Sochaczewska Kolej Muzealna",
        "railway": "halt",
        "wikidata": "Q1944338",
        "wikipedia": "pl:Sochaczew Miasto"
      },
      "geometry": {
        "type": "Point",
        "coordinates": [
          20.2474969,
          52.2288095
        ]
      },
      "id": "node/505060964"
    },
    {
      "type": "Feature",
      "properties": {
        "@id": "node/505060974",
        "addr:city": "Chodaków",
        "name": "Chodaków",
        "operator": "Sochaczewska Kolej Muzealna",
        "railway": "halt",
        "wikidata": "Q2792681",
        "wikipedia": "pl:Sochaczew Chodaków"
      },
      "geometry": {
        "type": "Point",
        "coordinates": [
          20.2696977,
          52.258073
        ]
      },
      "id": "node/505060974"
    },
    {
      "type": "Feature",
      "properties": {
        "@id": "node/505060978",
        "addr:city": "Tułowice",
        "name": "Tułowice Sochaczewskie",
        "operator": "Sochaczewska Kolej Muzealna",
        "railway": "halt",
        "wikidata": "Q16612149",
        "wikipedia": "pl:Tułowice Sochaczewskie"
      },
      "geometry": {
        "type": "Point",
        "coordinates": [
          20.2840319,
          52.3444641
        ]
      },
      "id": "node/505060978"
    },
    {
      "type": "Feature",
      "properties": {
        "@id": "node/528524563",
        "name": "Sędzice",
        "name:ru": "Сендзице",
        "name:uk": "Сендзіце",
        "operator": "PKP Polskie Linie Kolejowe",
        "operator:short": "PKP PLK",
        "public_transport": "station",
        "railway": "station",
        "railway:ref": "Sc",
        "wikidata": "Q2315934",
        "wikipedia": "pl:Sędzice (stacja kolejowa)"
      },
      "geometry": {
        "type": "Point",
        "coordinates": [
          18.5700068,
          51.6288941
        ]
      },
      "id": "node/528524563"
    },
    {
      "type": "Feature",
      "properties": {
        "@id": "node/529050901",
        "name": "Huta",
        "public_transport": "station",
        "railway": "halt",
        "train": "yes",
        "wikidata": "Q2841352",
        "wikipedia": "pl:Huta (przystanek kolejowy)"
      },
      "geometry": {
        "type": "Point",
        "coordinates": [
          18.963372,
          51.270393
        ]
      },
      "id": "node/529050901"
    },
    {
      "type": "Feature",
      "properties": {
        "@id": "node/634988098",
        "name": "Rozprza",
        "name:ru": "Розпша",
        "name:uk": "Розпша",
        "operator": "PKP Polskie Linie Kolejowe",
        "operator:short": "PKP PLK",
        "public_transport": "station",
        "railway": "station",
        "railway:ref": "Rp",
        "wikidata": "Q2216007",
        "wikipedia": "pl:Rozprza (stacja kolejowa)"
      },
      "geometry": {
        "type": "Point",
        "coordinates": [
          19.6601416,
          51.3015856
        ]
      },
      "id": "node/634988098"
    },
    {
      "type": "Feature",
      "properties": {
        "@id": "node/634988099",
        "name": "Luciążanka",
        "operator": "PKP Polskie Linie Kolejowe",
        "operator:short": "PKP PLK",
        "public_transport": "station",
        "railway": "halt",
        "train": "yes",
        "wikidata": "Q11763271",
        "wikipedia": "pl:Luciążanka"
      },
      "geometry": {
        "type": "Point",
        "coordinates": [
          19.6481747,
          51.2772181
        ]
      },
      "id": "node/634988099"
    },
    {
      "type": "Feature",
      "properties": {
        "@id": "node/634988100",
        "name": "Gorzkowice",
        "name:ru": "Гожковице",
        "name:uk": "Гожковіце",
        "operator": "PKP Polskie Linie Kolejowe",
        "operator:short": "PKP PLK",
        "public_transport": "station",
        "railway": "station",
        "railway:ref": "Gr",
        "wikidata": "Q3292602",
        "wikipedia": "pl:Gorzkowice (stacja kolejowa)"
      },
      "geometry": {
        "type": "Point",
        "coordinates": [
          19.603241,
          51.2182938
        ]
      },
      "id": "node/634988100"
    },
    {
      "type": "Feature",
      "properties": {
        "@id": "node/653450366",
        "name": "Polesie",
        "network": "Warszawska Kolej Dojazdowa",
        "network:short": "WKD",
        "operator": "Warszawska Kolej Dojazdowa",
        "operator:short": "WKD",
        "public_transport": "station",
        "railway": "halt",
        "wikidata": "Q12046191",
        "wikipedia": "pl:Polesie (przystanek kolejowy)"
      },
      "geometry": {
        "type": "Point",
        "coordinates": [
          20.6972075,
          52.1218524
        ]
      },
      "id": "node/653450366"
    },
    {
      "type": "Feature",
      "properties": {
        "@id": "node/678572127",
        "name": "Goliszew",
        "railway": "halt"
      },
      "geometry": {
        "type": "Point",
        "coordinates": [
          18.1796064,
          51.8730226
        ]
      },
      "id": "node/678572127"
    },
    {
      "type": "Feature",
      "properties": {
        "@id": "node/683196836",
        "name": "Opoczno",
        "name:ru": "Опочно",
        "name:uk": "Опочно",
        "operator": "PKP Polskie Linie Kolejowe",
        "operator:short": "PKP PLK",
        "public_transport": "station",
        "railway": "station",
        "railway:ref": "On",
        "ref": "2171",
        "wikidata": "Q2090176",
        "wikipedia": "pl:Opoczno (stacja kolejowa)"
      },
      "geometry": {
        "type": "Point",
        "coordinates": [
          20.2715067,
          51.3728629
        ]
      },
      "id": "node/683196836"
    },
    {
      "type": "Feature",
      "properties": {
        "@id": "node/685116004",
        "name": "Bukowo",
        "name:ru": "Буково",
        "name:uk": "Буково",
        "public_transport": "station",
        "railway": "halt",
        "train": "yes",
        "wikidata": "Q2188144",
        "wikipedia": "pl:Bukowo (przystanek kolejowy)"
      },
      "geometry": {
        "type": "Point",
        "coordinates": [
          18.1068472,
          50.8963513
        ]
      },
      "id": "node/685116004"
    },
    {
      "type": "Feature",
      "properties": {
        "@id": "node/685117204",
        "name": "Tuły",
        "name:ru": "Тулы",
        "name:uk": "Тули",
        "operator": "PKP Polskie Linie Kolejowe",
        "operator:short": "PKP PLK",
        "public_transport": "station",
        "railway": "halt",
        "train": "yes",
        "wikidata": "Q547501",
        "wikipedia": "pl:Tuły (przystanek kolejowy)"
      },
      "geometry": {
        "type": "Point",
        "coordinates": [
          18.1000635,
          50.8746482
        ]
      },
      "id": "node/685117204"
    },
    {
      "type": "Feature",
      "properties": {
        "@id": "node/687784817",
        "name": "Kały",
        "name:ru": "Калы",
        "name:uk": "Кали",
        "operator": "PKP Polskie Linie Kolejowe",
        "operator:short": "PKP PLK",
        "public_transport": "station",
        "railway": "halt",
        "train": "yes",
        "wikidata": "Q2328707",
        "wikipedia": "pl:Kały (przystanek kolejowy)"
      },
      "geometry": {
        "type": "Point",
        "coordinates": [
          18.0813704,
          50.8277192
        ]
      },
      "id": "node/687784817"
    },
    {
      "type": "Feature",
      "properties": {
        "@id": "node/704323428",
        "name": "Orchowo",
        "name:ru": "Орхово",
        "name:uk": "Орхово",
        "railway": "station"
      },
      "geometry": {
        "type": "Point",
        "coordinates": [
          18.0095977,
          52.5110842
        ]
      },
      "id": "node/704323428"
    },
    {
      "type": "Feature",
      "properties": {
        "@id": "node/768411833",
        "name": "Wieruszów Miasto",
        "name:de": "Weruschau Stadt",
        "name:pl": "Wieruszów Miasto",
        "operator": "PKP Polskie Linie Kolejowe",
        "operator:short": "PKP PLK",
        "public_transport": "station",
        "railway": "halt",
        "train": "yes",
        "wikidata": "Q9373277",
        "wikipedia": "pl:Wieruszów Miasto"
      },
      "geometry": {
        "type": "Point",
        "coordinates": [
          18.1645906,
          51.2995514
        ]
      },
      "id": "node/768411833"
    },
    {
      "type": "Feature",
      "properties": {
        "@id": "node/913342524",
        "name": "Witanów",
        "operator": "PKP Polskie Linie Kolejowe",
        "operator:short": "PKP PLK",
        "public_transport": "station",
        "railway": "halt",
        "train": "yes",
        "wikidata": "Q2864891",
        "wikipedia": "pl:Witanów (przystanek kolejowy)"
      },
      "geometry": {
        "type": "Point",
        "coordinates": [
          20.5741079,
          52.1859428
        ]
      },
      "id": "node/913342524"
    },
    {
      "type": "Feature",
      "properties": {
        "@id": "node/953065168",
        "name": "Zagnańsk",
        "name:ru": "Загнаньск",
        "name:uk": "Загнанськ",
        "operator": "PKP Polskie Linie Kolejowe",
        "operator:short": "PKP PLK",
        "public_transport": "station",
        "railway": "station",
        "railway:ref": "Zg",
        "wikidata": "Q2615246",
        "wikipedia": "pl:Zagnańsk (stacja kolejowa)"
      },
      "geometry": {
        "type": "Point",
        "coordinates": [
          20.6634975,
          50.9744474
        ]
      },
      "id": "node/953065168"
    },
    {
      "type": "Feature",
      "properties": {
        "@id": "node/1177493674",
        "name": "Kolumna",
        "operator": "PKP Polskie Linie Kolejowe",
        "operator:short": "PKP PLK",
        "public_transport": "station",
        "railway": "halt",
        "train": "yes",
        "wikidata": "Q1870963",
        "wikipedia": "pl:Kolumna (przystanek kolejowy)"
      },
      "geometry": {
        "type": "Point",
        "coordinates": [
          19.1959352,
          51.6148915
        ]
      },
      "id": "node/1177493674"
    },
    {
      "type": "Feature",
      "properties": {
        "@id": "node/1239501365",
        "name": "Podlesie",
        "operator": "PKP Polskie Linie Kolejowe",
        "operator:short": "PKP PLK",
        "public_transport": "station",
        "railway": "halt",
        "train": "yes",
        "wikidata": "Q2658257",
        "wikipedia": "pl:Podlesie (przystanek kolejowy)"
      },
      "geometry": {
        "type": "Point",
        "coordinates": [
          19.6035627,
          50.7649503
        ]
      },
      "id": "node/1239501365"
    },
    {
      "type": "Feature",
      "properties": {
        "@id": "node/1248669374",
        "name": "Koniecpol",
        "name:ru": "Конесполь",
        "name:uk": "Конесполь",
        "operator": "PKP Polskie Linie Kolejowe",
        "operator:short": "PKP PLK",
        "public_transport": "station",
        "railway": "station",
        "railway:ref": "Kc",
        "wikidata": "Q1812890",
        "wikipedia": "pl:Koniecpol (stacja kolejowa)"
      },
      "geometry": {
        "type": "Point",
        "coordinates": [
          19.700042,
          50.776388
        ]
      },
      "id": "node/1248669374"
    },
    {
      "type": "Feature",
      "properties": {
        "@id": "node/1257804696",
        "name": "Koniecpol Magdasz",
        "operator": "PKP Polskie Linie Kolejowe",
        "operator:short": "PKP PLK",
        "railway": "halt",
        "wikidata": "Q1826004",
        "wikipedia": "pl:Koniecpol Magdasz"
      },
      "geometry": {
        "type": "Point",
        "coordinates": [
          19.6533269,
          50.7725111
        ]
      },
      "id": "node/1257804696"
    },
    {
      "type": "Feature",
      "properties": {
        "@id": "node/1275626180",
        "name": "Żakowice",
        "network": "Łódzka Kolej Aglomeracyjna;Polregio",
        "network:short": "ŁKA;PR",
        "operator": "PKP Polskie Linie Kolejowe",
        "operator:short": "PKP PLK",
        "public_transport": "station",
        "railway": "halt",
        "train": "yes",
        "wikidata": "Q3908529",
        "wikipedia": "pl:Żakowice (przystanek kolejowy)"
      },
      "geometry": {
        "type": "Point",
        "coordinates": [
          19.791005,
          51.7321832
        ]
      },
      "id": "node/1275626180"
    },
    {
      "type": "Feature",
      "properties": {
        "@id": "node/1277279650",
        "name": "Łowicz Główny",
        "name:pl": "Łowicz Główny",
        "name:ru": "Лович Глувны",
        "name:uk": "Ловіч Головний",
        "network": "Koleje Mazowieckie;Łódzka Kolej Aglomeracyjna;PKP Intercity",
        "network:short": "KM;ŁKA;IC",
        "operator": "PKP Polskie Linie Kolejowe",
        "operator:short": "PKP PLK",
        "public_transport": "station",
        "railway": "station",
        "railway:ref": "ŁG",
        "railway:ref:DB": "XPLZ",
        "wikidata": "Q2105724",
        "wikipedia": "pl:Łowicz Główny"
      },
      "geometry": {
        "type": "Point",
        "coordinates": [
          19.9556222,
          52.10473
        ]
      },
      "id": "node/1277279650"
    },
    {
      "type": "Feature",
      "properties": {
        "@id": "node/1290569961",
        "name": "Lusławice",
        "note": "Przystanek osobowy i posterunek odstępowy",
        "operator": "PKP Polskie Linie Kolejowe",
        "operator:short": "PKP PLK",
        "public_transport": "station",
        "railway": "halt",
        "train": "yes",
        "wikidata": "Q2444466",
        "wikipedia": "pl:Lusławice (przystanek kolejowy)"
      },
      "geometry": {
        "type": "Point",
        "coordinates": [
          19.3880188,
          50.7609031
        ]
      },
      "id": "node/1290569961"
    },
    {
      "type": "Feature",
      "properties": {
        "@id": "node/1313517188",
        "name": "Justynów",
        "operator": "PKP Polskie Linie Kolejowe",
        "operator:short": "PKP PLK",
        "public_transport": "station",
        "railway": "station",
        "train": "yes",
        "wikidata": "Q2602015",
        "wikipedia": "pl:Justynów (przystanek kolejowy)"
      },
      "geometry": {
        "type": "Point",
        "coordinates": [
          19.6835207,
          51.7308612
        ]
      },
      "id": "node/1313517188"
    },
    {
      "type": "Feature",
      "properties": {
        "@id": "node/1315590518",
        "name": "Rogów",
        "name:ru": "Рогув",
        "name:uk": "Рогув",
        "network": "Łódzka Kolej Aglomeracyjna;Polregio",
        "network:short": "ŁKA;PR",
        "operator": "PKP Polskie Linie Kolejowe",
        "operator:short": "PKP PLK",
        "public_transport": "station",
        "railway": "station",
        "railway:ref": "Rg",
        "wikidata": "Q2724441",
        "wikipedia": "pl:Rogów (stacja kolejowa)"
      },
      "geometry": {
        "type": "Point",
        "coordinates": [
          19.8865225,
          51.8182965
        ]
      },
      "id": "node/1315590518"
    },
    {
      "type": "Feature",
      "properties": {
        "@id": "node/1315590539",
        "name": "Rogów Osobowy Wąskotorowy",
        "operator": "Fundacja Polskich Kolei Wąskotorowych",
        "operator:short": "FPKW",
        "operator:wikidata": "Q9264456",
        "railway": "halt",
        "short_name": "Rogów Os. Wąsk."
      },
      "geometry": {
        "type": "Point",
        "coordinates": [
          19.885346,
          51.816757
        ]
      },
      "id": "node/1315590539"
    },
    {
      "type": "Feature",
      "properties": {
        "@id": "node/1388656438",
        "name": "Czerniewice",
        "name:ru": "Черневице",
        "name:uk": "Черневіце",
        "network": "PKP Polskie Linie Kolejowe",
        "operator": "PKP Polskie Linie Kolejowe",
        "operator:short": "PKP PLK",
        "public_transport": "station",
        "railway": "station",
        "railway:ref": "Cz",
        "wikidata": "Q2033830",
        "wikipedia": "pl:Czerniewice (stacja kolejowa)"
      },
      "geometry": {
        "type": "Point",
        "coordinates": [
          19.0893425,
          52.5089241
        ]
      },
      "id": "node/1388656438"
    },
    {
      "type": "Feature",
      "properties": {
        "@id": "node/1437647361",
        "addr:city": "Sochaczew",
        "addr:postcode": "96-500",
        "internet_access": "wlan",
        "name": "Sochaczew",
        "name:ru": "Сохачев",
        "name:uk": "Сохачев",
        "operator": "PKP Polskie Linie Kolejowe",
        "operator:short": "PKP PLK",
        "public_transport": "station",
        "railway": "station",
        "railway:ref": "So",
        "railway:ref:DB": "XPSH",
        "wheelchair": "yes",
        "wikidata": "Q4464842",
        "wikipedia": "pl:Sochaczew (stacja kolejowa)"
      },
      "geometry": {
        "type": "Point",
        "coordinates": [
          20.2386642,
          52.2150468
        ]
      },
      "id": "node/1437647361"
    },
    {
      "type": "Feature",
      "properties": {
        "@id": "node/1494055816",
        "name": "Łódź Chojny",
        "name:ru": "Лодзь Хойны",
        "name:uk": "Лодзь Хойни",
        "network": "PKP Polskie Linie Kolejowe",
        "operator": "PKP Polskie Linie Kolejowe",
        "operator:short": "PKP PLK",
        "public_transport": "station",
        "railway": "station",
        "railway:ref": "ŁCh",
        "railway:ref:DB": "XPLC",
        "uic_ref": "5100038",
        "wheelchair": "yes",
        "wikidata": "Q940290",
        "wikipedia": "pl:Łódź Chojny"
      },
      "geometry": {
        "type": "Point",
        "coordinates": [
          19.4841953,
          51.7264089
        ]
      },
      "id": "node/1494055816"
    },
    {
      "type": "Feature",
      "properties": {
        "@id": "node/1508458390",
        "name": "Byczyna Kluczborska",
        "name:de": "Pitschen",
        "name:pl": "Byczyna Kluczborska",
        "name:ru": "Бычина Ключборская",
        "name:uk": "Бычина Ключборская",
        "public_transport": "station",
        "railway": "station",
        "uic_ref": "5100643",
        "wikidata": "Q3483572",
        "wikipedia": "pl:Byczyna Kluczborska"
      },
      "geometry": {
        "type": "Point",
        "coordinates": [
          18.1998832,
          51.1137155
        ]
      },
      "id": "node/1508458390"
    },
    {
      "type": "Feature",
      "properties": {
        "@id": "node/1509286805",
        "name": "Bąków",
        "operator": "PKP Polskie Linie Kolejowe",
        "operator:short": "PKP PLK",
        "public_transport": "station",
        "railway": "station",
        "railway:ref": "Bak",
        "train": "yes",
        "uic_ref": "5100371",
        "wikidata": "Q9183067",
        "wikipedia": "pl:Bąków (stacja kolejowa)"
      },
      "geometry": {
        "type": "Point",
        "coordinates": [
          18.3145752,
          50.9561237
        ]
      },
      "id": "node/1509286805"
    },
    {
      "type": "Feature",
      "properties": {
        "@id": "node/1509286807",
        "name": "Ciasna",
        "operator": "PKP Polskie Linie Kolejowe",
        "operator:short": "PKP PLK",
        "public_transport": "station",
        "railway": "station",
        "railway:ref": "Csa",
        "uic_ref": "5100730",
        "wikidata": "Q2763367",
        "wikipedia": "pl:Ciasna (stacja kolejowa)"
      },
      "geometry": {
        "type": "Point",
        "coordinates": [
          18.629458,
          50.7563138
        ]
      },
      "id": "node/1509286807"
    },
    {
      "type": "Feature",
      "properties": {
        "@id": "node/1509286810",
        "name": "Sieraków Śląski",
        "operator": "PKP Polskie Linie Kolejowe",
        "operator:short": "PKP PLK",
        "public_transport": "station",
        "railway": "station",
        "railway:ref": "Srk",
        "wikidata": "Q3438579",
        "wikipedia": "pl:Sieraków Śląski (stacja kolejowa)"
      },
      "geometry": {
        "type": "Point",
        "coordinates": [
          18.5936025,
          50.798823
        ]
      },
      "id": "node/1509286810"
    },
    {
      "type": "Feature",
      "properties": {
        "@id": "node/1509286811",
        "name": "Sowczyce",
        "operator": "PKP Polskie Linie Kolejowe",
        "operator:short": "PKP PLK",
        "public_transport": "station",
        "railway": "station",
        "railway:ref": "So",
        "uic_ref": "5103547",
        "wikidata": "Q9339852",
        "wikipedia": "pl:Sowczyce (stacja kolejowa)"
      },
      "geometry": {
        "type": "Point",
        "coordinates": [
          18.5016873,
          50.845887
        ]
      },
      "id": "node/1509286811"
    },
    {
      "type": "Feature",
      "properties": {
        "@id": "node/1509286812",
        "name": "Stare Olesno",
        "note": "Przystanek osobowy i posterunek odgałęźny",
        "operator": "PKP Polskie Linie Kolejowe",
        "operator:short": "PKP PLK",
        "public_transport": "station",
        "railway": "halt",
        "railway:ref": "Sa",
        "uic_ref": "5103576",
        "wikidata": "Q9344091",
        "wikipedia": "pl:Stare Olesno (przystanek kolejowy)"
      },
      "geometry": {
        "type": "Point",
        "coordinates": [
          18.3749548,
          50.9155315
        ]
      },
      "id": "node/1509286812"
    },
    {
      "type": "Feature",
      "properties": {
        "@id": "node/1509858521",
        "name": "Łask",
        "name:de": "Lask",
        "name:pl": "Łask",
        "name:ru": "Ласк",
        "name:uk": "Ласк",
        "operator": "PKP Polskie Linie Kolejowe",
        "operator:short": "PKP PLK",
        "public_transport": "station",
        "railway": "station",
        "railway:ref": "Łs",
        "uic_ref": "5101931",
        "wikidata": "Q4875109",
        "wikipedia": "pl:Łask (stacja kolejowa)"
      },
      "geometry": {
        "type": "Point",
        "coordinates": [
          19.1117876,
          51.6037433
        ]
      },
      "id": "node/1509858521"
    },
    {
      "type": "Feature",
      "properties": {
        "@id": "node/1563824380",
        "name": "Warząchewka",
        "network": "PKP Polskie Linie Kolejowe",
        "operator": "PKP Polskie Linie Kolejowe",
        "operator:short": "PKP PLK",
        "railway": "halt",
        "wikidata": "Q784275",
        "wikipedia": "pl:Warząchewka (przystanek kolejowy)"
      },
      "geometry": {
        "type": "Point",
        "coordinates": [
          19.0807506,
          52.5847362
        ]
      },
      "id": "node/1563824380"
    },
    {
      "type": "Feature",
      "properties": {
        "@id": "node/1563824385",
        "name": "Gołaszewo Kujawskie",
        "railway": "halt",
        "wikidata": "Q2438620",
        "wikipedia": "pl:Gołaszewo Kujawskie"
      },
      "geometry": {
        "type": "Point",
        "coordinates": [
          19.091124,
          52.5468201
        ]
      },
      "id": "node/1563824385"
    },
    {
      "type": "Feature",
      "properties": {
        "@id": "node/1580012883",
        "name": "Stryków",
        "name:ru": "Стрыкув",
        "name:uk": "Стрикув",
        "network": "PKP Polskie Linie Kolejowe",
        "old_name": "Stryków Brzeziński",
        "public_transport": "station",
        "railway": "station",
        "railway:ref": "St",
        "wikidata": "Q2904228",
        "wikipedia": "pl:Stryków (stacja kolejowa)"
      },
      "geometry": {
        "type": "Point",
        "coordinates": [
          19.5934226,
          51.9105816
        ]
      },
      "id": "node/1580012883"
    },
    {
      "type": "Feature",
      "properties": {
        "@id": "node/1600093961",
        "name": "Głowno",
        "name:ru": "Гловно",
        "name:uk": "Гловно",
        "network": "PKP Polskie Linie Kolejowe",
        "operator": "PKP Polskie Linie Kolejowe",
        "operator:short": "PKP PLK",
        "platforms": "2",
        "public_transport": "station",
        "railway": "station",
        "railway:ref": "Gn",
        "train": "yes",
        "uic_ref": "5100326",
        "wikidata": "Q1990378",
        "wikipedia": "pl:Głowno (stacja kolejowa)"
      },
      "geometry": {
        "type": "Point",
        "coordinates": [
          19.7030198,
          51.9614039
        ]
      },
      "id": "node/1600093961"
    },
    {
      "type": "Feature",
      "properties": {
        "@id": "node/1643004251",
        "internet_access": "no",
        "name": "Żychlin",
        "name:ru": "Жихлин",
        "name:uk": "Жихлін",
        "network": "PKP Polskie Linie Kolejowe",
        "operator": "PKP Polskie Linie Kolejowe",
        "operator:short": "PKP PLK",
        "public_transport": "station",
        "railway": "station",
        "railway:ref": "Żl",
        "wikidata": "Q2425308",
        "wikipedia": "pl:Żychlin (stacja kolejowa)"
      },
      "geometry": {
        "type": "Point",
        "coordinates": [
          19.6188676,
          52.2131012
        ]
      },
      "id": "node/1643004251"
    },
    {
      "type": "Feature",
      "properties": {
        "@id": "node/1651732417",
        "name": "Bedoń",
        "operator": "PKP Polskie Linie Kolejowe",
        "operator:short": "PKP PLK",
        "public_transport": "station",
        "railway": "halt",
        "train": "yes",
        "wikidata": "Q2184380",
        "wikipedia": "pl:Bedoń (przystanek kolejowy)"
      },
      "geometry": {
        "type": "Point",
        "coordinates": [
          19.6423494,
          51.7319956
        ]
      },
      "id": "node/1651732417"
    },
    {
      "type": "Feature",
      "properties": {
        "@id": "node/1661085569",
        "historic:railway": "station",
        "internet_access": "no",
        "name": "Biała Szlachecka",
        "name:ru": "Бяла Шлачочка",
        "operator": "PKP Polskie Linie Kolejowe",
        "operator:short": "PKP PLK",
        "public_transport": "station",
        "railway": "halt",
        "railway:ref": "BPj",
        "railway:yard:hump": "no",
        "railway:yard:purpose": "bypass",
        "railway:yard:size": "small",
        "train": "yes",
        "wikidata": "Q2932941",
        "wikipedia": "pl:Biała Szlachecka"
      },
      "geometry": {
        "type": "Point",
        "coordinates": [
          19.0249527,
          51.1752413
        ]
      },
      "id": "node/1661085569"
    },
    {
      "type": "Feature",
      "properties": {
        "@id": "node/1728319126",
        "name": "Panki",
        "name:ru": "Панки",
        "name:uk": "Панкі",
        "operator": "PKP Polskie Linie Kolejowe",
        "operator:short": "PKP PLK",
        "public_transport": "station",
        "railway": "station",
        "railway:ref": "Pn",
        "wikidata": "Q11802673",
        "wikipedia": "pl:Panki (stacja kolejowa)"
      },
      "geometry": {
        "type": "Point",
        "coordinates": [
          18.7485906,
          50.8965978
        ]
      },
      "id": "node/1728319126"
    },
    {
      "type": "Feature",
      "properties": {
        "@id": "node/1738734470",
        "name": "Głuchów",
        "railway": "halt"
      },
      "geometry": {
        "type": "Point",
        "coordinates": [
          20.0730139,
          51.7775278
        ]
      },
      "id": "node/1738734470"
    },
    {
      "type": "Feature",
      "properties": {
        "@id": "node/1790548941",
        "historic:railway": "station",
        "name": "Dobroń",
        "note": "Przystanek osobowy i posterunek odstępowy",
        "operator": "PKP Polskie Linie Kolejowe",
        "operator:short": "PKP PLK",
        "public_transport": "station",
        "railway": "halt",
        "railway:ref": "Db",
        "train": "yes",
        "wikidata": "Q739523",
        "wikipedia": "pl:Dobroń (przystanek kolejowy)"
      },
      "geometry": {
        "type": "Point",
        "coordinates": [
          19.2408357,
          51.6293558
        ]
      },
      "id": "node/1790548941"
    },
    {
      "type": "Feature",
      "properties": {
        "@id": "node/1798106142",
        "name": "Płyćwia",
        "name:ru": "Плычвя",
        "name:uk": "Плицьвя",
        "network": "Łódzka Kolej Aglomeracyjna",
        "network:short": "ŁKA",
        "operator": "PKP Polskie Linie Kolejowe",
        "operator:short": "PKP PLK",
        "public_transport": "station",
        "railway": "station",
        "railway:ref": "Pł",
        "wikidata": "Q2460536",
        "wikipedia": "pl:Płyćwia (stacja kolejowa)"
      },
      "geometry": {
        "type": "Point",
        "coordinates": [
          20.0034553,
          51.9175592
        ]
      },
      "id": "node/1798106142"
    },
    {
      "type": "Feature",
      "properties": {
        "@id": "node/1811191528",
        "name": "Rogów Towarowy Wąskotorowy",
        "name:ru": "Рогув Товаровы Вонскоторовы",
        "name:uk": "Рогув Товарови Вонскоторови",
        "operator": "Fundacja Polskich Kolei Wąskotorowych",
        "operator:short": "FPKW",
        "operator:wikidata": "Q9264456",
        "railway": "station",
        "wikidata": "Q9311870",
        "wikipedia": "pl:Rogów Towarowy Wąskotorowy"
      },
      "geometry": {
        "type": "Point",
        "coordinates": [
          19.8807935,
          51.8128732
        ]
      },
      "id": "node/1811191528"
    },
    {
      "type": "Feature",
      "properties": {
        "@id": "node/1811259384",
        "name": "Jeżów",
        "railway": "halt"
      },
      "geometry": {
        "type": "Point",
        "coordinates": [
          19.9614688,
          51.8056213
        ]
      },
      "id": "node/1811259384"
    },
    {
      "type": "Feature",
      "properties": {
        "@id": "node/1811259417",
        "name": "Białynin",
        "railway": "halt"
      },
      "geometry": {
        "type": "Point",
        "coordinates": [
          19.9990351,
          51.7985491
        ]
      },
      "id": "node/1811259417"
    },
    {
      "type": "Feature",
      "properties": {
        "@id": "node/1812378895",
        "name": "Biała Rawska",
        "railway": "halt"
      },
      "geometry": {
        "type": "Point",
        "coordinates": [
          20.4727944,
          51.8022998
        ]
      },
      "id": "node/1812378895"
    },
    {
      "type": "Feature",
      "properties": {
        "@id": "node/1812378921",
        "name": "Złota",
        "railway": "halt"
      },
      "geometry": {
        "type": "Point",
        "coordinates": [
          20.1185749,
          51.7722448
        ]
      },
      "id": "node/1812378921"
    },
    {
      "type": "Feature",
      "properties": {
        "@id": "node/1812378924",
        "name": "Zawady",
        "railway": "halt"
      },
      "geometry": {
        "type": "Point",
        "coordinates": [
          20.1532924,
          51.7598566
        ]
      },
      "id": "node/1812378924"
    },
    {
      "type": "Feature",
      "properties": {
        "@id": "node/1812378970",
        "name": "Podskarbice",
        "railway": "halt"
      },
      "geometry": {
        "type": "Point",
        "coordinates": [
          20.3415191,
          51.767679
        ]
      },
      "id": "node/1812378970"
    },
    {
      "type": "Feature",
      "properties": {
        "@id": "node/1812379002",
        "name": "Boguszyce",
        "railway": "halt"
      },
      "geometry": {
        "type": "Point",
        "coordinates": [
          20.1912434,
          51.7510879
        ]
      },
      "id": "node/1812379002"
    },
    {
      "type": "Feature",
      "properties": {
        "@id": "node/1812379046",
        "name": "Zamkowa Wola",
        "railway": "halt"
      },
      "geometry": {
        "type": "Point",
        "coordinates": [
          20.262023,
          51.776332
        ]
      },
      "id": "node/1812379046"
    },
    {
      "type": "Feature",
      "properties": {
        "@id": "node/1812379074",
        "name": "Regnów",
        "railway": "halt"
      },
      "geometry": {
        "type": "Point",
        "coordinates": [
          20.3810461,
          51.7669501
        ]
      },
      "id": "node/1812379074"
    },
    {
      "type": "Feature",
      "properties": {
        "@id": "node/1812379093",
        "name": "Annosław",
        "railway": "halt"
      },
      "geometry": {
        "type": "Point",
        "coordinates": [
          20.4195258,
          51.7707513
        ]
      },
      "id": "node/1812379093"
    },
    {
      "type": "Feature",
      "properties": {
        "@id": "node/1814013824",
        "name": "Pągów",
        "railway": "halt"
      },
      "geometry": {
        "type": "Point",
        "coordinates": [
          20.4433268,
          51.7768482
        ]
      },
      "id": "node/1814013824"
    },
    {
      "type": "Feature",
      "properties": {
        "@id": "node/1862454729",
        "name": "Rożdżały",
        "railway": "halt"
      },
      "geometry": {
        "type": "Point",
        "coordinates": [
          18.2143988,
          51.777979
        ]
      },
      "id": "node/1862454729"
    },
    {
      "type": "Feature",
      "properties": {
        "@id": "node/1864585459",
        "name": "Piotrków Trybunalski",
        "name:ru": "Пётркув Трыбуналски",
        "name:uk": "Пйотркув Трибунальські",
        "operator": "PKP Polskie Linie Kolejowe",
        "operator:short": "PKP PLK",
        "public_transport": "station",
        "railway": "station",
        "railway:ref": "PT",
        "railway:ref:DB": "XPPT",
        "wikidata": "Q2479710",
        "wikipedia": "pl:Piotrków Trybunalski (stacja kolejowa)"
      },
      "geometry": {
        "type": "Point",
        "coordinates": [
          19.6846413,
          51.4104653
        ]
      },
      "id": "node/1864585459"
    },
    {
      "type": "Feature",
      "properties": {
        "@id": "node/1873562390",
        "name": "Janinów",
        "name:ru": "Янинув",
        "name:uk": "Янінув",
        "operator": "PKP Polskie Linie Kolejowe",
        "operator:short": "PKP PLK",
        "public_transport": "station",
        "railway": "station",
        "railway:ref": "Ja",
        "wikidata": "Q11719902",
        "wikipedia": "pl:Janinów (stacja kolejowa)"
      },
      "geometry": {
        "type": "Point",
        "coordinates": [
          18.6055648,
          51.0559123
        ]
      },
      "id": "node/1873562390"
    },
    {
      "type": "Feature",
      "properties": {
        "@id": "node/1880603781",
        "name": "Krzepice",
        "name:de": "Kschepitz",
        "name:pl": "Krzepice",
        "name:ru": "Кжепице",
        "name:uk": "Кжепіце",
        "operator": "PKP Polskie Linie Kolejowe",
        "operator:short": "PKP PLK",
        "public_transport": "station",
        "railway": "station",
        "railway:ref": "Kp",
        "wikidata": "Q1982469",
        "wikipedia": "pl:Krzepice (stacja kolejowa)"
      },
      "geometry": {
        "type": "Point",
        "coordinates": [
          18.6971161,
          50.9691339
        ]
      },
      "id": "node/1880603781"
    },
    {
      "type": "Feature",
      "properties": {
        "@id": "node/1881771835",
        "name": "Olesno Śląskie",
        "operator": "PKP Polskie Linie Kolejowe",
        "operator:short": "PKP PLK",
        "public_transport": "station",
        "railway": "station",
        "railway:ref": "OŚ",
        "wikidata": "Q5025590",
        "wikipedia": "pl:Olesno Śląskie"
      },
      "geometry": {
        "type": "Point",
        "coordinates": [
          18.4248341,
          50.8820722
        ]
      },
      "id": "node/1881771835"
    },
    {
      "type": "Feature",
      "properties": {
        "@id": "node/1883748444",
        "name": "Łódź Andrzejów",
        "operator": "PKP Polskie Linie Kolejowe",
        "operator:short": "PKP PLK",
        "public_transport": "station",
        "railway": "halt",
        "railway:ref": "ŁAn",
        "wikidata": "Q2180440",
        "wikipedia": "pl:Łódź Andrzejów"
      },
      "geometry": {
        "type": "Point",
        "coordinates": [
          19.6171505,
          51.7410347
        ]
      },
      "id": "node/1883748444"
    },
    {
      "type": "Feature",
      "properties": {
        "@id": "node/1884939450",
        "name": "Przysucha",
        "name:ru": "Пшисуха",
        "name:uk": "Пшисуха",
        "network": "PKP Polskie Linie Kolejowe",
        "operator": "PKP Polskie Linie Kolejowe",
        "operator:short": "PKP PLK",
        "public_transport": "station",
        "railway": "station",
        "railway:ref": "Pr",
        "wikidata": "Q2246810",
        "wikipedia": "pl:Przysucha (stacja kolejowa)"
      },
      "geometry": {
        "type": "Point",
        "coordinates": [
          20.6597222,
          51.3777549
        ]
      },
      "id": "node/1884939450"
    },
    {
      "type": "Feature",
      "properties": {
        "@id": "node/1898936115",
        "name": "Sieradz Męka",
        "operator": "PKP Polskie Linie Kolejowe",
        "operator:short": "PKP PLK",
        "public_transport": "station",
        "railway": "halt",
        "train": "yes",
        "wikidata": "Q2782480",
        "wikipedia": "pl:Sieradz Męka"
      },
      "geometry": {
        "type": "Point",
        "coordinates": [
          18.7765671,
          51.6151724
        ]
      },
      "id": "node/1898936115"
    },
    {
      "type": "Feature",
      "properties": {
        "@id": "node/1950783283",
        "name": "Kotórz Mały",
        "name:de": "Klein Kottorz",
        "name:pl": "Kotórz Mały",
        "operator": "PKP Polskie Linie Kolejowe",
        "operator:short": "PKP PLK",
        "public_transport": "station",
        "railway": "halt",
        "train": "yes",
        "wikidata": "Q4333841",
        "wikipedia": "pl:Kotórz Mały (przystanek kolejowy)"
      },
      "geometry": {
        "type": "Point",
        "coordinates": [
          18.0361971,
          50.7290311
        ]
      },
      "id": "node/1950783283"
    },
    {
      "type": "Feature",
      "properties": {
        "@id": "node/1953748941",
        "internet_access": "wlan",
        "name": "Kielce Główne",
        "name:pl": "Kielce Główne",
        "name:ru": "Кельце",
        "name:uk": "Кельце",
        "network": "PKP Intercity;Polregio",
        "network:short": "IC;PR",
        "old_name": "Kielce",
        "operator": "PKP Polskie Linie Kolejowe",
        "operator:short": "PKP PLK",
        "public_transport": "station",
        "railway": "station",
        "railway:ref": "Klc",
        "train": "yes",
        "wikidata": "Q11738980",
        "wikipedia": "pl:Kielce Główne"
      },
      "geometry": {
        "type": "Point",
        "coordinates": [
          20.6179325,
          50.8743077
        ]
      },
      "id": "node/1953748941"
    },
    {
      "type": "Feature",
      "properties": {
        "@id": "node/1974456578",
        "name": "Łódź Kaliska",
        "name:pl": "Łódź Kaliska",
        "name:ru": "Лодзь Калиска",
        "name:uk": "Лодзь Каліска",
        "network": "PKP Intercity;Łódzka Kolej Aglomeracyjna;Polregio",
        "network:short": "IC;ŁKA;PR",
        "operator": "PKP Polskie Linie Kolejowe",
        "operator:short": "PKP PLK",
        "public_transport": "station",
        "railway": "station",
        "railway:ref": "ŁK",
        "railway:ref:DB": "XPLK",
        "wikidata": "Q2025255",
        "wikipedia": "pl:Łódź Kaliska (stacja kolejowa)"
      },
      "geometry": {
        "type": "Point",
        "coordinates": [
          19.4305417,
          51.757822
        ]
      },
      "id": "node/1974456578"
    },
    {
      "type": "Feature",
      "properties": {
        "@id": "node/1976882782",
        "name": "Wieluń",
        "operator": "PKP Polskie Linie Kolejowe",
        "operator:short": "PKP PLK",
        "public_transport": "station",
        "railway": "halt",
        "train": "yes",
        "wikidata": "Q9373156",
        "wikipedia": "pl:Wieluń (przystanek kolejowy)"
      },
      "geometry": {
        "type": "Point",
        "coordinates": [
          18.5824915,
          51.2235311
        ]
      },
      "id": "node/1976882782"
    },
    {
      "type": "Feature",
      "properties": {
        "@id": "node/1979370881",
        "name": "Jełowa",
        "note": "Ładownia i przystanek osobowy",
        "operator": "PKP Polskie Linie Kolejowe",
        "operator:short": "PKP PLK",
        "public_transport": "station",
        "railway": "station",
        "railway:ref": "Ja",
        "wikidata": "Q2993010",
        "wikipedia": "pl:Jełowa (przystanek kolejowy)"
      },
      "geometry": {
        "type": "Point",
        "coordinates": [
          18.0467055,
          50.7939653
        ]
      },
      "id": "node/1979370881"
    },
    {
      "type": "Feature",
      "properties": {
        "@id": "node/1991730283",
        "name": "Płock Trzepowo",
        "name:ru": "Плоцк Тжепово",
        "name:uk": "Плоцк Тшепово",
        "operator": "PKP Polskie Linie Kolejowe",
        "operator:short": "PKP PLK",
        "public_transport": "station",
        "railway": "station",
        "railway:ref": "PT",
        "wikidata": "Q1958377",
        "wikipedia": "pl:Płock Trzepowo"
      },
      "geometry": {
        "type": "Point",
        "coordinates": [
          19.7338325,
          52.5887174
        ]
      },
      "id": "node/1991730283"
    },
    {
      "type": "Feature",
      "properties": {
        "@id": "node/1991734621",
        "alt_name:de": "Plotzk;Plozk",
        "name": "Płock",
        "name:de": "Plock",
        "name:lt": "Plockas",
        "name:pl": "Płock",
        "name:ru": "Плоцк",
        "name:uk": "Плоцьк",
        "network": "PKP Intercity;Koleje Mazowieckie",
        "network:short": "IC;KM",
        "operator": "PKP Polskie Linie Kolejowe",
        "operator:short": "PKP PLK",
        "platforms": "2",
        "public_transport": "station",
        "railway": "station",
        "railway:ref": "Pc",
        "railway:ref:DB": "XPPL",
        "wheelchair": "yes",
        "wikidata": "Q2171037",
        "wikipedia": "pl:Płock (stacja kolejowa)"
      },
      "geometry": {
        "type": "Point",
        "coordinates": [
          19.7126549,
          52.552711
        ]
      },
      "id": "node/1991734621"
    },
    {
      "type": "Feature",
      "properties": {
        "@id": "node/2030626324",
        "name": "Drzewica",
        "name:ru": "Джевиця",
        "name:uk": "Джевіця",
        "network": "PKP Polskie Linie Kolejowe",
        "operator": "PKP Polskie Linie Kolejowe",
        "operator:short": "PKP PLK",
        "public_transport": "station",
        "railway": "station",
        "railway:ref": "Dr",
        "wikidata": "Q2521067",
        "wikipedia": "pl:Drzewica (stacja kolejowa)"
      },
      "geometry": {
        "type": "Point",
        "coordinates": [
          20.4656999,
          51.4369856
        ]
      },
      "id": "node/2030626324"
    },
    {
      "type": "Feature",
      "properties": {
        "@id": "node/2030626331",
        "name": "Smogorzów Przysuski",
        "network": "PKP Polskie Linie Kolejowe",
        "operator": "PKP Polskie Linie Kolejowe",
        "operator:short": "PKP PLK",
        "public_transport": "station",
        "railway": "halt",
        "train": "yes",
        "wikidata": "Q5516388",
        "wikipedia": "pl:Smogorzów Przysuski"
      },
      "geometry": {
        "type": "Point",
        "coordinates": [
          20.6051649,
          51.3949128
        ]
      },
      "id": "node/2030626331"
    },
    {
      "type": "Feature",
      "properties": {
        "@id": "node/2030626334",
        "name": "Zygmuntów",
        "operator": "PKP Polskie Linie Kolejowe",
        "operator:short": "PKP PLK",
        "public_transport": "station",
        "railway": "halt",
        "train": "yes",
        "wikidata": "Q2333927",
        "wikipedia": "pl:Zygmuntów (przystanek kolejowy)"
      },
      "geometry": {
        "type": "Point",
        "coordinates": [
          20.5718273,
          51.4087433
        ]
      },
      "id": "node/2030626334"
    },
    {
      "type": "Feature",
      "properties": {
        "@id": "node/2030626848",
        "name": "Bieliny Opoczyńskie",
        "network": "PKP Polskie Linie Kolejowe",
        "operator": "PKP Polskie Linie Kolejowe",
        "operator:short": "PKP PLK",
        "public_transport": "station",
        "railway": "halt",
        "train": "yes",
        "wikidata": "Q1970068",
        "wikipedia": "pl:Bieliny Opoczyńskie"
      },
      "geometry": {
        "type": "Point",
        "coordinates": [
          20.5020708,
          51.4240006
        ]
      },
      "id": "node/2030626848"
    },
    {
      "type": "Feature",
      "properties": {
        "@id": "node/2033072040",
        "name": "Swędów",
        "railway": "halt"
      },
      "geometry": {
        "type": "Point",
        "coordinates": [
          19.5406034,
          51.9061036
        ]
      },
      "id": "node/2033072040"
    },
    {
      "type": "Feature",
      "properties": {
        "@id": "node/2033143018",
        "name": "Smardzew",
        "railway": "halt"
      },
      "geometry": {
        "type": "Point",
        "coordinates": [
          19.4674785,
          51.8709783
        ]
      },
      "id": "node/2033143018"
    },
    {
      "type": "Feature",
      "properties": {
        "@id": "node/2051346880",
        "name": "Kuleje",
        "operator": "PKP Polskie Linie Kolejowe",
        "operator:short": "PKP PLK",
        "railway": "halt",
        "wikidata": "Q2041979",
        "wikipedia": "pl:Kuleje (przystanek kolejowy)"
      },
      "geometry": {
        "type": "Point",
        "coordinates": [
          18.792608,
          50.8288374
        ]
      },
      "id": "node/2051346880"
    },
    {
      "type": "Feature",
      "properties": {
        "@id": "node/2094092555",
        "name": "Dąbrowice Skierniewickie",
        "network": "Łódzka Kolej Aglomeracyjna",
        "network:short": "ŁKA",
        "operator": "PKP Polskie Linie Kolejowe",
        "operator:short": "PKP PLK",
        "public_transport": "station",
        "railway": "halt",
        "train": "yes",
        "wikidata": "Q2453343",
        "wikipedia": "pl:Dąbrowice Skierniewickie"
      },
      "geometry": {
        "type": "Point",
        "coordinates": [
          20.1023076,
          51.933374
        ]
      },
      "id": "node/2094092555"
    },
    {
      "type": "Feature",
      "properties": {
        "@id": "node/2106970215",
        "name": "Krzewie",
        "name:ru": "Кшеве",
        "name:uk": "Кшеве",
        "network": "Koleje Wielkopolskie",
        "network:short": "KW",
        "operator": "PKP Polskie Linie Kolejowe",
        "operator:short": "PKP PLK",
        "public_transport": "station",
        "railway": "station",
        "railway:ref": "Kw",
        "railway:ref:DB": "XPKI",
        "wikidata": "Q2769446",
        "wikipedia": "pl:Krzewie (stacja kolejowa)"
      },
      "geometry": {
        "type": "Point",
        "coordinates": [
          19.166905,
          52.2354509
        ]
      },
      "id": "node/2106970215"
    },
    {
      "type": "Feature",
      "properties": {
        "@id": "node/2109441456",
        "name": "Koło",
        "name:de": "Kolo",
        "name:pl": "Koło",
        "name:ru": "Коло",
        "name:uk": "Коло",
        "network": "Koleje Wielkopolskie;PKP Intercity",
        "network:short": "KW;IC",
        "old_name": "Warthbrücken",
        "operator": "PKP Polskie Linie Kolejowe",
        "operator:short": "PKP PLK",
        "public_transport": "station",
        "railway": "station",
        "railway:ref": "Ko",
        "wikidata": "Q2476803",
        "wikipedia": "pl:Koło (stacja kolejowa)"
      },
      "geometry": {
        "type": "Point",
        "coordinates": [
          18.6321466,
          52.2109695
        ]
      },
      "id": "node/2109441456"
    },
    {
      "type": "Feature",
      "properties": {
        "@id": "node/2134667870",
        "name": "Kaliska Kujawskie",
        "name:ru": "Калиска Куявске",
        "name:uk": "Каліска Куявскє",
        "network": "PKP Polskie Linie Kolejowe",
        "old_name": "Chodecz",
        "operator": "PKP Polskie Linie Kolejowe",
        "operator:short": "PKP PLK",
        "public_transport": "station",
        "railway": "station",
        "railway:ref": "KK",
        "wheelchair": "yes",
        "wikidata": "Q4419687",
        "wikipedia": "pl:Kaliska Kujawskie"
      },
      "geometry": {
        "type": "Point",
        "coordinates": [
          19.1239223,
          52.4119894
        ]
      },
      "id": "node/2134667870"
    },
    {
      "type": "Feature",
      "properties": {
        "@id": "node/2134667878",
        "name": "Wiktorowo",
        "network": "PKP Polskie Linie Kolejowe",
        "operator": "PKP Polskie Linie Kolejowe",
        "operator:short": "PKP PLK",
        "railway": "halt",
        "wikidata": "Q2403555",
        "wikipedia": "pl:Wiktorowo (przystanek kolejowy)"
      },
      "geometry": {
        "type": "Point",
        "coordinates": [
          19.1063191,
          52.4642387
        ]
      },
      "id": "node/2134667878"
    },
    {
      "type": "Feature",
      "properties": {
        "@id": "node/2145900158",
        "name": "Skalmierz",
        "operator": "PKP Polskie Linie Kolejowe",
        "operator:short": "PKP PLK",
        "public_transport": "station",
        "railway": "halt",
        "train": "yes",
        "wikidata": "Q2071738",
        "wikipedia": "pl:Skalmierz (przystanek kolejowy)"
      },
      "geometry": {
        "type": "Point",
        "coordinates": [
          18.4302591,
          51.6972854
        ]
      },
      "id": "node/2145900158"
    },
    {
      "type": "Feature",
      "properties": {
        "@id": "node/2147433484",
        "name": "Osowiec Przystanek",
        "name:ru": "Осовец Остановка",
        "name:uk": "Осовець Зупинка",
        "operator": "PKP Polskie Linie Kolejowe",
        "operator:short": "PKP PLK",
        "public_transport": "station",
        "railway": "halt",
        "train": "yes",
        "wikidata": "Q2686829",
        "wikipedia": "pl:Osowiec Przystanek"
      },
      "geometry": {
        "type": "Point",
        "coordinates": [
          18.0434195,
          50.7528696
        ]
      },
      "id": "node/2147433484"
    },
    {
      "type": "Feature",
      "properties": {
        "@id": "node/2147434646",
        "name": "Laskowice Oleskie",
        "name:ru": "Ласковице Олеское",
        "name:uk": "Ласковіце Олеське",
        "operator": "PKP Polskie Linie Kolejowe",
        "operator:short": "PKP PLK",
        "public_transport": "station",
        "railway": "halt",
        "train": "yes",
        "wikidata": "Q2292458",
        "wikipedia": "pl:Laskowice Oleskie"
      },
      "geometry": {
        "type": "Point",
        "coordinates": [
          18.0949708,
          50.8560996
        ]
      },
      "id": "node/2147434646"
    },
    {
      "type": "Feature",
      "properties": {
        "@id": "node/2147435419",
        "name": "Borkowice",
        "name:ru": "Борковице",
        "name:uk": "Борковіце",
        "operator": "PKP Polskie Linie Kolejowe",
        "operator:short": "PKP PLK",
        "public_transport": "station",
        "railway": "halt",
        "train": "yes",
        "wikidata": "Q1853325",
        "wikipedia": "pl:Borkowice (przystanek kolejowy)"
      },
      "geometry": {
        "type": "Point",
        "coordinates": [
          18.1565236,
          50.9323157
        ]
      },
      "id": "node/2147435419"
    },
    {
      "type": "Feature",
      "properties": {
        "@id": "node/2151487542",
        "historic:railway": "station",
        "name": "Słupia",
        "operator": "PKP Polskie Linie Kolejowe",
        "operator:short": "PKP PLK",
        "public_transport": "station",
        "railway": "halt",
        "train": "yes",
        "wikidata": "Q9353545",
        "wikipedia": "pl:Słupia (przystanek kolejowy)"
      },
      "geometry": {
        "type": "Point",
        "coordinates": [
          18.0412865,
          51.2519552
        ]
      },
      "id": "node/2151487542"
    },
    {
      "type": "Feature",
      "properties": {
        "@id": "node/2151489190",
        "name": "Łęka Opatowska",
        "name:ru": "Ленка-Опатовска",
        "name:uk": "Ленка-Опатовська",
        "public_transport": "station",
        "railway": "station"
      },
      "geometry": {
        "type": "Point",
        "coordinates": [
          18.0915432,
          51.2171846
        ]
      },
      "id": "node/2151489190"
    },
    {
      "type": "Feature",
      "properties": {
        "@id": "node/2151489736",
        "name": "Kostów",
        "name:ru": "Костув",
        "name:uk": "Костув",
        "railway": "station"
      },
      "geometry": {
        "type": "Point",
        "coordinates": [
          18.1455528,
          51.1656636
        ]
      },
      "id": "node/2151489736"
    },
    {
      "type": "Feature",
      "properties": {
        "@id": "node/2151490923",
        "name": "Krzywizna",
        "name:ru": "Кшивизна",
        "name:uk": "Кшивізна",
        "railway": "station"
      },
      "geometry": {
        "type": "Point",
        "coordinates": [
          18.2017595,
          51.026146
        ]
      },
      "id": "node/2151490923"
    },
    {
      "type": "Feature",
      "properties": {
        "@id": "node/2157495414",
        "name": "Ostrowy",
        "name:ru": "Островы",
        "name:uk": "Острови",
        "network": "PKP Polskie Linie Kolejowe",
        "old_name": "Krośniewice",
        "operator": "PKP Polskie Linie Kolejowe",
        "operator:short": "PKP PLK",
        "public_transport": "station",
        "railway": "station",
        "railway:ref": "Oy",
        "wikidata": "Q2025170",
        "wikipedia": "pl:Ostrowy (stacja kolejowa)"
      },
      "geometry": {
        "type": "Point",
        "coordinates": [
          19.1919623,
          52.2990366
        ]
      },
      "id": "node/2157495414"
    },
    {
      "type": "Feature",
      "properties": {
        "@id": "node/2157504670",
        "name": "Płock Radziwie",
        "name:ru": "Плоцк Радживе",
        "name:uk": "Плоцьк Радзів'є",
        "operator": "PKP Polskie Linie Kolejowe",
        "operator:short": "PKP PLK",
        "public_transport": "station",
        "railway": "station",
        "railway:ref": "PR",
        "wikidata": "Q2239488",
        "wikipedia": "pl:Płock Radziwie"
      },
      "geometry": {
        "type": "Point",
        "coordinates": [
          19.6722573,
          52.5242451
        ]
      },
      "id": "node/2157504670"
    },
    {
      "type": "Feature",
      "properties": {
        "@id": "node/2157505490",
        "name": "Łąck",
        "name:ru": "Лонцк",
        "name:uk": "Лонцьк",
        "operator": "PKP Polskie Linie Kolejowe",
        "operator:short": "PKP PLK",
        "public_transport": "station",
        "railway": "station",
        "railway:ref": "Łc",
        "wikidata": "Q11838577",
        "wikipedia": "pl:Łąck (stacja kolejowa)"
      },
      "geometry": {
        "type": "Point",
        "coordinates": [
          19.5960518,
          52.4870282
        ]
      },
      "id": "node/2157505490"
    },
    {
      "type": "Feature",
      "properties": {
        "@id": "node/2157506401",
        "name": "Rogożew",
        "operator": "PKP Polskie Linie Kolejowe",
        "operator:short": "PKP PLK",
        "public_transport": "station",
        "railway": "halt",
        "train": "yes",
        "wikidata": "Q2797620",
        "wikipedia": "pl:Rogożew (przystanek kolejowy)"
      },
      "geometry": {
        "type": "Point",
        "coordinates": [
          19.5413201,
          52.4618343
        ]
      },
      "id": "node/2157506401"
    },
    {
      "type": "Feature",
      "properties": {
        "@id": "node/2157507617",
        "name": "Sierakówek",
        "operator": "PKP Polskie Linie Kolejowe",
        "operator:short": "PKP PLK",
        "public_transport": "station",
        "railway": "station",
        "railway:ref": "Sr",
        "wikidata": "Q2004662",
        "wikipedia": "pl:Sierakówek (stacja kolejowa)"
      },
      "geometry": {
        "type": "Point",
        "coordinates": [
          19.4205021,
          52.3707152
        ]
      },
      "id": "node/2157507617"
    },
    {
      "type": "Feature",
      "properties": {
        "@id": "node/2157508735",
        "name": "Strzelce Kujawskie",
        "name:ru": "Стшельце Куявское",
        "name:uk": "Стшельці Куявські",
        "operator": "PKP Polskie Linie Kolejowe",
        "operator:short": "PKP PLK",
        "public_transport": "station",
        "railway": "station",
        "railway:ref": "SK",
        "wikidata": "Q4027581",
        "wikipedia": "pl:Strzelce Kujawskie (stacja kolejowa)"
      },
      "geometry": {
        "type": "Point",
        "coordinates": [
          19.3687984,
          52.3229173
        ]
      },
      "id": "node/2157508735"
    },
    {
      "type": "Feature",
      "properties": {
        "@id": "node/2157511037",
        "name": "Raciborów Kutnowski",
        "operator": "PKP Polskie Linie Kolejowe",
        "operator:short": "PKP PLK",
        "public_transport": "station",
        "railway": "halt",
        "train": "yes",
        "wikidata": "Q2558301",
        "wikipedia": "pl:Raciborów Kutnowski"
      },
      "geometry": {
        "type": "Point",
        "coordinates": [
          19.3416605,
          52.2803396
        ]
      },
      "id": "node/2157511037"
    },
    {
      "type": "Feature",
      "properties": {
        "@id": "node/2157545112",
        "name": "Dalanówek",
        "operator": "PKP Polskie Linie Kolejowe",
        "operator:short": "PKP PLK",
        "public_transport": "station",
        "railway": "halt",
        "train": "yes",
        "wikidata": "Q11692657",
        "wikipedia": "pl:Dalanówek (przystanek kolejowy)"
      },
      "geometry": {
        "type": "Point",
        "coordinates": [
          20.4639031,
          52.5944749
        ]
      },
      "id": "node/2157545112"
    },
    {
      "type": "Feature",
      "properties": {
        "@id": "node/2180982501",
        "name": "Sucha Żyrardowska",
        "network": "Koleje Mazowieckie",
        "network:short": "KM",
        "operator": "PKP Polskie Linie Kolejowe",
        "operator:short": "PKP PLK",
        "public_transport": "station",
        "railway": "halt",
        "train": "yes",
        "wikidata": "Q527069",
        "wikipedia": "pl:Sucha Żyrardowska"
      },
      "geometry": {
        "type": "Point",
        "coordinates": [
          20.3593707,
          52.0228796
        ]
      },
      "id": "node/2180982501"
    },
    {
      "type": "Feature",
      "properties": {
        "@id": "node/2180988016",
        "historic:railway": "station",
        "name": "Radziwiłłów Mazowiecki",
        "network": "Koleje Mazowieckie",
        "network:short": "KM",
        "note": "Przystanek osobowy i posterunek odgałęźny",
        "operator": "PKP Polskie Linie Kolejowe",
        "operator:short": "PKP PLK",
        "public_transport": "station",
        "railway": "halt",
        "railway:ref": "Rd",
        "wikidata": "Q2756478",
        "wikipedia": "pl:Radziwiłłów Mazowiecki"
      },
      "geometry": {
        "type": "Point",
        "coordinates": [
          20.2903485,
          52.0002885
        ]
      },
      "id": "node/2180988016"
    },
    {
      "type": "Feature",
      "properties": {
        "@id": "node/2180989766",
        "name": "Skierniewice Rawka",
        "network": "Koleje Mazowieckie",
        "network:short": "KM",
        "operator": "PKP Polskie Linie Kolejowe",
        "operator:short": "PKP PLK",
        "public_transport": "station",
        "railway": "halt",
        "train": "yes",
        "wikidata": "Q2675133",
        "wikipedia": "pl:Skierniewice Rawka"
      },
      "geometry": {
        "type": "Point",
        "coordinates": [
          20.2213044,
          51.9775852
        ]
      },
      "id": "node/2180989766"
    },
    {
      "type": "Feature",
      "properties": {
        "@id": "node/2181005144",
        "name": "Bobrowniki",
        "network": "PKP Polskie Linie Kolejowe",
        "operator": "PKP Polskie Linie Kolejowe",
        "operator:short": "PKP PLK",
        "railway": "halt",
        "wikidata": "Q4818154",
        "wikipedia": "pl:Bobrowniki (przystanek kolejowy w województwie łódzkim)"
      },
      "geometry": {
        "type": "Point",
        "coordinates": [
          20.01041,
          52.05858
        ]
      },
      "id": "node/2181005144"
    },
    {
      "type": "Feature",
      "properties": {
        "@id": "node/2183604144",
        "name": "Pątnów Wieluński",
        "name:ru": "Понтнув Велуньски",
        "name:uk": "Понтнув Велунські",
        "operator": "PKP Polskie Linie Kolejowe",
        "operator:short": "PKP PLK",
        "public_transport": "station",
        "railway": "station",
        "railway:ref": "Pn",
        "wikidata": "Q745489",
        "wikipedia": "pl:Pątnów Wieluński"
      },
      "geometry": {
        "type": "Point",
        "coordinates": [
          18.6336919,
          51.160517
        ]
      },
      "id": "node/2183604144"
    },
    {
      "type": "Feature",
      "properties": {
        "@id": "node/2183604727",
        "name": "Dzietrzniki",
        "operator": "PKP Polskie Linie Kolejowe",
        "operator:short": "PKP PLK",
        "railway": "halt",
        "train": "yes",
        "wikidata": "Q2187481",
        "wikipedia": "pl:Dzietrzniki (przystanek kolejowy)"
      },
      "geometry": {
        "type": "Point",
        "coordinates": [
          18.6148014,
          51.1170771
        ]
      },
      "id": "node/2183604727"
    },
    {
      "type": "Feature",
      "properties": {
        "@id": "node/2183650834",
        "name": "Radliczyce",
        "name:de": "Radelschütz",
        "name:pl": "Radliczyce",
        "network": "Polregio",
        "network:short": "PR",
        "note": "Przystanek osobowy i posterunek odgałęźny",
        "operator": "PKP Polskie Linie Kolejowe",
        "operator:short": "PKP PLK",
        "platforms": "2",
        "public_transport": "station",
        "railway": "halt",
        "railway:ref": "Ra",
        "train": "yes",
        "wikidata": "Q1890323",
        "wikipedia": "pl:Radliczyce (przystanek kolejowy)"
      },
      "geometry": {
        "type": "Point",
        "coordinates": [
          18.3500285,
          51.7232566
        ]
      },
      "id": "node/2183650834"
    },
    {
      "type": "Feature",
      "properties": {
        "@id": "node/2183653692",
        "name": "Błaszki",
        "name:de": "Schwarzau",
        "name:pl": "Błaszki",
        "name:ru": "Блащки",
        "name:uk": "Блащкі",
        "operator": "PKP Polskie Linie Kolejowe",
        "operator:short": "PKP PLK",
        "public_transport": "station",
        "railway": "station",
        "railway:ref": "Bz",
        "wheelchair": "yes",
        "wikidata": "Q2695995",
        "wikipedia": "pl:Błaszki (stacja kolejowa)"
      },
      "geometry": {
        "type": "Point",
        "coordinates": [
          18.471086,
          51.673683
        ]
      },
      "id": "node/2183653692"
    },
    {
      "type": "Feature",
      "properties": {
        "@id": "node/2183694742",
        "name": "Koluszki",
        "name:ru": "Колушки",
        "name:uk": "Колушкі",
        "network": "Łódzka Kolej Aglomeracyjna;PKP Intercity;Polregio",
        "network:short": "ŁKA;IC;PR",
        "operator": "PKP Polskie Linie Kolejowe",
        "operator:short": "PKP PLK",
        "public_transport": "station",
        "railway": "station",
        "railway:ref": "Kl",
        "railway:ref:DB": "XPKK",
        "train": "yes",
        "wikidata": "Q5956689",
        "wikipedia": "pl:Koluszki (stacja kolejowa)"
      },
      "geometry": {
        "type": "Point",
        "coordinates": [
          19.8184515,
          51.7434724
        ]
      },
      "id": "node/2183694742"
    },
    {
      "type": "Feature",
      "properties": {
        "@id": "node/2183713027",
        "name": "Chrusty Nowe",
        "operator": "PKP Polskie Linie Kolejowe",
        "operator:short": "PKP PLK",
        "public_transport": "station",
        "railway": "halt",
        "train": "yes",
        "wikidata": "Q2785098",
        "wikipedia": "pl:Chrusty Nowe"
      },
      "geometry": {
        "type": "Point",
        "coordinates": [
          19.7943261,
          51.6948657
        ]
      },
      "id": "node/2183713027"
    },
    {
      "type": "Feature",
      "properties": {
        "@id": "node/2183713958",
        "name": "Łaznów",
        "operator": "PKP Polskie Linie Kolejowe",
        "operator:short": "PKP PLK",
        "public_transport": "station",
        "railway": "halt",
        "train": "yes",
        "wikidata": "Q2096917",
        "wikipedia": "pl:Łaznów (przystanek kolejowy)"
      },
      "geometry": {
        "type": "Point",
        "coordinates": [
          19.7548526,
          51.631197
        ]
      },
      "id": "node/2183713958"
    },
    {
      "type": "Feature",
      "properties": {
        "@id": "node/2183718976",
        "name": "Baby",
        "name:ru": "Бабы",
        "name:uk": "Баби",
        "operator": "PKP Polskie Linie Kolejowe",
        "operator:short": "PKP PLK",
        "public_transport": "station",
        "railway": "station",
        "railway:ref": "B",
        "wikidata": "Q9163820",
        "wikipedia": "pl:Baby (stacja kolejowa)"
      },
      "geometry": {
        "type": "Point",
        "coordinates": [
          19.7167575,
          51.5369264
        ]
      },
      "id": "node/2183718976"
    },
    {
      "type": "Feature",
      "properties": {
        "@id": "node/2183742243",
        "name": "Gorzędów",
        "operator": "PKP Polskie Linie Kolejowe",
        "operator:short": "PKP PLK",
        "public_transport": "station",
        "railway": "halt",
        "train": "yes",
        "wikidata": "Q2515931",
        "wikipedia": "pl:Gorzędów (przystanek kolejowy)"
      },
      "geometry": {
        "type": "Point",
        "coordinates": [
          19.5440164,
          51.1970504
        ]
      },
      "id": "node/2183742243"
    },
    {
      "type": "Feature",
      "properties": {
        "@id": "node/2183750243",
        "name": "Gomunice",
        "name:ru": "Гомунице",
        "name:uk": "Гомуніце",
        "operator": "PKP Polskie Linie Kolejowe",
        "operator:short": "PKP PLK",
        "public_transport": "station",
        "railway": "station",
        "railway:ref": "Gm",
        "wikidata": "Q4026713",
        "wikipedia": "pl:Gomunice (stacja kolejowa)"
      },
      "geometry": {
        "type": "Point",
        "coordinates": [
          19.4867937,
          51.1635621
        ]
      },
      "id": "node/2183750243"
    },
    {
      "type": "Feature",
      "properties": {
        "@id": "node/2183756219",
        "name": "Dobryszyce koło Radomska",
        "operator": "PKP Polskie Linie Kolejowe",
        "operator:short": "PKP PLK",
        "railway": "halt",
        "wikidata": "Q2455635",
        "wikipedia": "pl:Dobryszyce koło Radomska"
      },
      "geometry": {
        "type": "Point",
        "coordinates": [
          19.4443235,
          51.1242909
        ]
      },
      "id": "node/2183756219"
    },
    {
      "type": "Feature",
      "properties": {
        "@id": "node/2183760748",
        "name": "Bobry",
        "operator": "PKP Polskie Linie Kolejowe",
        "operator:short": "PKP PLK",
        "public_transport": "station",
        "railway": "halt",
        "train": "yes",
        "wikidata": "Q2100345",
        "wikipedia": "pl:Bobry (przystanek kolejowy)"
      },
      "geometry": {
        "type": "Point",
        "coordinates": [
          19.4048156,
          51.0287211
        ]
      },
      "id": "node/2183760748"
    },
    {
      "type": "Feature",
      "properties": {
        "@id": "node/2183780373",
        "name": "Widzów Teklinów",
        "name:ru": "Видзув-Теклинув",
        "name:uk": "Відзув Теклінув",
        "operator": "PKP Polskie Linie Kolejowe",
        "operator:short": "PKP PLK",
        "public_transport": "station",
        "railway": "station",
        "railway:ref": "Tk",
        "wikidata": "Q3982641",
        "wikipedia": "pl:Widzów Teklinów"
      },
      "geometry": {
        "type": "Point",
        "coordinates": [
          19.367218,
          50.9810384
        ]
      },
      "id": "node/2183780373"
    },
    {
      "type": "Feature",
      "properties": {
        "@id": "node/2187734546",
        "name": "Dęba Opoczyńska",
        "name:ru": "Демба Опочинска",
        "name:uk": "Демба Опочинска",
        "network": "PKP Polskie Linie Kolejowe",
        "public_transport": "station",
        "railway": "station",
        "railway:ref": "DO",
        "railway:ref:DB": "XPDA",
        "survey:date": "2022-02-19",
        "wikidata": "Q2113199",
        "wikipedia": "pl:Dęba Opoczyńska"
      },
      "geometry": {
        "type": "Point",
        "coordinates": [
          20.2582806,
          51.4819213
        ]
      },
      "id": "node/2187734546"
    },
    {
      "type": "Feature",
      "properties": {
        "@id": "node/2187736257",
        "name": "Brzustów",
        "note": "przystanek osobowy i mijanka",
        "operator": "PKP Polskie Linie Kolejowe",
        "operator:short": "PKP PLK",
        "public_transport": "station",
        "railway": "station",
        "railway:ref": "Br",
        "survey:date": "2022-02-19",
        "wikidata": "Q3042424",
        "wikipedia": "pl:Brzustów (przystanek kolejowy)"
      },
      "geometry": {
        "type": "Point",
        "coordinates": [
          20.1466954,
          51.4934985
        ]
      },
      "id": "node/2187736257"
    },
    {
      "type": "Feature",
      "properties": {
        "@id": "node/2187738903",
        "name": "Tomaszów Mazowiecki Białobrzegi",
        "operator": "PKP Polskie Linie Kolejowe",
        "operator:short": "PKP PLK",
        "public_transport": "station",
        "railway": "halt",
        "train": "yes",
        "wikidata": "Q971688",
        "wikipedia": "pl:Tomaszów Mazowiecki Białobrzegi"
      },
      "geometry": {
        "type": "Point",
        "coordinates": [
          20.066018,
          51.5245349
        ]
      },
      "id": "node/2187738903"
    },
    {
      "type": "Feature",
      "properties": {
        "@id": "node/2187741595",
        "name": "Słotwiny",
        "name:pl": "Słotwiny",
        "name:ru": "Слотвины",
        "name:uk": "Слотвіни",
        "network": "Łódzka Kolej Aglomeracyjna;Polregio",
        "network:short": "ŁKA;PR",
        "operator": "PKP Polskie Linie Kolejowe",
        "operator:short": "PKP PLK",
        "public_transport": "station",
        "railway": "station",
        "railway:ref": "Sn",
        "wikidata": "Q3261638",
        "wikipedia": "pl:Słotwiny (stacja kolejowa)"
      },
      "geometry": {
        "type": "Point",
        "coordinates": [
          19.8386994,
          51.7226079
        ]
      },
      "id": "node/2187741595"
    },
    {
      "type": "Feature",
      "properties": {
        "@id": "node/2187746367",
        "name": "Słomianka",
        "operator": "PKP Polskie Linie Kolejowe",
        "operator:short": "PKP PLK",
        "public_transport": "station",
        "railway": "halt",
        "train": "yes",
        "wikidata": "Q2134500",
        "wikipedia": "pl:Słomianka (przystanek kolejowy)"
      },
      "geometry": {
        "type": "Point",
        "coordinates": [
          20.2037482,
          51.4018172
        ]
      },
      "id": "node/2187746367"
    },
    {
      "type": "Feature",
      "properties": {
        "@id": "node/2187750604",
        "name": "Turów",
        "operator": "PKP Polskie Linie Kolejowe",
        "operator:short": "PKP PLK",
        "public_transport": "station",
        "railway": "station",
        "railway:ref": "Tu",
        "wikidata": "Q548476",
        "wikipedia": "pl:Turów (stacja kolejowa)"
      },
      "geometry": {
        "type": "Point",
        "coordinates": [
          19.3171916,
          50.7683869
        ]
      },
      "id": "node/2187750604"
    },
    {
      "type": "Feature",
      "properties": {
        "@id": "node/2187751628",
        "name": "Julianka",
        "name:ru": "Юлянка",
        "name:uk": "Юлянка",
        "old_name": "Potok Złoty",
        "operator": "PKP Polskie Linie Kolejowe",
        "operator:short": "PKP PLK",
        "public_transport": "station",
        "railway": "station",
        "railway:ref": "Jl",
        "wikidata": "Q5202253",
        "wikipedia": "pl:Julianka (stacja kolejowa)"
      },
      "geometry": {
        "type": "Point",
        "coordinates": [
          19.4732727,
          50.7646466
        ]
      },
      "id": "node/2187751628"
    },
    {
      "type": "Feature",
      "properties": {
        "@id": "node/2187753335",
        "name": "Staropole Częstochowskie",
        "operator": "PKP Polskie Linie Kolejowe",
        "operator:short": "PKP PLK",
        "public_transport": "station",
        "railway": "halt",
        "train": "yes",
        "wikidata": "Q1983519",
        "wikipedia": "pl:Staropole Częstochowskie"
      },
      "geometry": {
        "type": "Point",
        "coordinates": [
          19.5288669,
          50.7647169
        ]
      },
      "id": "node/2187753335"
    },
    {
      "type": "Feature",
      "properties": {
        "@id": "node/2189093926",
        "name": "Międzyborów",
        "network": "Koleje Mazowieckie",
        "network:short": "KM",
        "operator": "PKP Polskie Linie Kolejowe",
        "operator:short": "PKP PLK",
        "public_transport": "station",
        "railway": "halt",
        "train": "yes",
        "wikidata": "Q2171920",
        "wikipedia": "pl:Międzyborów (przystanek kolejowy)"
      },
      "geometry": {
        "type": "Point",
        "coordinates": [
          20.4824691,
          52.063606
        ]
      },
      "id": "node/2189093926"
    },
    {
      "type": "Feature",
      "properties": {
        "@id": "node/2210334301",
        "name": "Kostomłoty",
        "name:ru": "Костомлоты",
        "name:uk": "Костомлоти",
        "operator": "PKP Polskie Linie Kolejowe",
        "operator:short": "PKP PLK",
        "public_transport": "station",
        "railway": "station",
        "railway:ref": "Kt",
        "wikidata": "Q2936489",
        "wikipedia": "pl:Kostomłoty (przystanek kolejowy)"
      },
      "geometry": {
        "type": "Point",
        "coordinates": [
          20.615332,
          50.9217423
        ]
      },
      "id": "node/2210334301"
    },
    {
      "type": "Feature",
      "properties": {
        "@id": "node/2210353167",
        "name": "Sobków",
        "name:ru": "Собкув",
        "name:uk": "Собкув",
        "railway": "station"
      },
      "geometry": {
        "type": "Point",
        "coordinates": [
          20.4306276,
          50.731303
        ]
      },
      "id": "node/2210353167"
    },
    {
      "type": "Feature",
      "properties": {
        "@id": "node/2210355146",
        "name": "Wolica",
        "name:ru": "Волица",
        "name:uk": "Воліца",
        "railway": "station"
      },
      "geometry": {
        "type": "Point",
        "coordinates": [
          20.4704275,
          50.753349
        ]
      },
      "id": "node/2210355146"
    },
    {
      "type": "Feature",
      "properties": {
        "@id": "node/2210361337",
        "name": "Kielce Białogon",
        "name:ru": "Кельце Бялогон",
        "name:uk": "Кельце Бялогон",
        "operator": "PKP Polskie Linie Kolejowe",
        "operator:short": "PKP PLK",
        "public_transport": "station",
        "railway": "station",
        "railway:ref": "KB",
        "train": "yes",
        "wikidata": "Q11738982",
        "wikipedia": "pl:Kielce Białogon"
      },
      "geometry": {
        "type": "Point",
        "coordinates": [
          20.5745188,
          50.8552608
        ]
      },
      "id": "node/2210361337"
    },
    {
      "type": "Feature",
      "properties": {
        "@id": "node/2271845654",
        "name": "Złotniki Wielkie",
        "railway": "halt"
      },
      "geometry": {
        "type": "Point",
        "coordinates": [
          18.17791,
          51.8889418
        ]
      },
      "id": "node/2271845654"
    },
    {
      "type": "Feature",
      "properties": {
        "@id": "node/2370704115",
        "name": "Blachownia",
        "name:ru": "Блаховня",
        "name:uk": "Блаховня",
        "operator": "PKP Polskie Linie Kolejowe",
        "operator:short": "PKP PLK",
        "public_transport": "station",
        "railway": "station",
        "railway:ref": "Bln",
        "wikidata": "Q2604841",
        "wikipedia": "pl:Blachownia (stacja kolejowa)"
      },
      "geometry": {
        "type": "Point",
        "coordinates": [
          18.9695889,
          50.7738933
        ]
      },
      "id": "node/2370704115"
    },
    {
      "type": "Feature",
      "properties": {
        "@id": "node/2420827497",
        "name": "Milanówek",
        "name:pl": "Milanówek",
        "network": "Koleje Mazowieckie",
        "network:short": "KM",
        "operator": "PKP Polskie Linie Kolejowe",
        "operator:short": "PKP PLK",
        "public_transport": "station",
        "railway": "halt",
        "train": "yes",
        "wikidata": "Q2677852",
        "wikipedia": "pl:Milanówek (przystanek kolejowy)"
      },
      "geometry": {
        "type": "Point",
        "coordinates": [
          20.6681761,
          52.1251481
        ]
      },
      "id": "node/2420827497"
    },
    {
      "type": "Feature",
      "properties": {
        "@id": "node/2462354653",
        "name": "Kielce Piaski",
        "operator": "PKP Polskie Linie Kolejowe",
        "operator:short": "PKP PLK",
        "public_transport": "station",
        "railway": "halt",
        "train": "yes",
        "wikidata": "Q509863",
        "wikipedia": "pl:Kielce Piaski"
      },
      "geometry": {
        "type": "Point",
        "coordinates": [
          20.6253268,
          50.8897894
        ]
      },
      "id": "node/2462354653"
    },
    {
      "type": "Feature",
      "properties": {
        "@id": "node/2489765976",
        "historic:railway": "station",
        "historic:ref": "Wk",
        "name": "Wykno",
        "network": "PKP Polskie Linie Kolejowe",
        "operator": "PKP Polskie Linie Kolejowe",
        "operator:short": "PKP PLK",
        "public_transport": "station",
        "railway": "halt",
        "train": "yes",
        "wikidata": "Q2605838",
        "wikipedia": "pl:Wykno (stacja kolejowa)"
      },
      "geometry": {
        "type": "Point",
        "coordinates": [
          19.9046367,
          51.6606449
        ]
      },
      "id": "node/2489765976"
    },
    {
      "type": "Feature",
      "properties": {
        "@id": "node/2489774978",
        "name": "Zaosie",
        "network": "PKP Polskie Linie Kolejowe",
        "operator": "PKP Polskie Linie Kolejowe",
        "operator:short": "PKP PLK",
        "public_transport": "station",
        "railway": "halt",
        "train": "yes",
        "wikidata": "Q2772199",
        "wikipedia": "pl:Zaosie (przystanek kolejowy)"
      },
      "geometry": {
        "type": "Point",
        "coordinates": [
          19.9335709,
          51.6335454
        ]
      },
      "id": "node/2489774978"
    },
    {
      "type": "Feature",
      "properties": {
        "@id": "node/2495642454",
        "name": "Milejów",
        "operator": "PKP Polskie Linie Kolejowe",
        "operator:short": "PKP PLK",
        "public_transport": "station",
        "railway": "halt",
        "train": "yes",
        "wikidata": "Q1834035",
        "wikipedia": "pl:Milejów (przystanek kolejowy)"
      },
      "geometry": {
        "type": "Point",
        "coordinates": [
          19.6757123,
          51.3553302
        ]
      },
      "id": "node/2495642454"
    },
    {
      "type": "Feature",
      "properties": {
        "@id": "node/2495645644",
        "name": "Częstochowa Raków",
        "operator": "PKP Polskie Linie Kolejowe",
        "operator:short": "PKP PLK",
        "platforms": "2",
        "public_transport": "station",
        "railway": "halt",
        "train": "yes",
        "uic_name": "Czestochowa Rakow",
        "uic_ref": "5100827",
        "wikidata": "Q2091735",
        "wikipedia": "pl:Częstochowa Raków"
      },
      "geometry": {
        "type": "Point",
        "coordinates": [
          19.1554329,
          50.7876286
        ]
      },
      "id": "node/2495645644"
    },
    {
      "type": "Feature",
      "properties": {
        "@id": "node/2503070020",
        "name": "Jesionka",
        "network": "Koleje Mazowieckie",
        "network:short": "KM",
        "operator": "PKP Polskie Linie Kolejowe",
        "operator:short": "PKP PLK",
        "public_transport": "station",
        "railway": "halt",
        "train": "yes",
        "wikidata": "Q3337763",
        "wikipedia": "pl:Jesionka (przystanek kolejowy)"
      },
      "geometry": {
        "type": "Point",
        "coordinates": [
          20.3347217,
          52.0148195
        ]
      },
      "id": "node/2503070020"
    },
    {
      "type": "Feature",
      "properties": {
        "@id": "node/2504014859",
        "name": "Łódź Olechów Wschód",
        "network": "Łódzka Kolej Aglomeracyjna",
        "network:short": "ŁKA",
        "operator": "PKP Polskie Linie Kolejowe",
        "operator:short": "PKP PLK",
        "public_transport": "station",
        "railway": "halt",
        "wikidata": "Q2638585",
        "wikipedia": "pl:Łódź Olechów Wschód"
      },
      "geometry": {
        "type": "Point",
        "coordinates": [
          19.5947679,
          51.7297931
        ]
      },
      "id": "node/2504014859"
    },
    {
      "type": "Feature",
      "properties": {
        "@id": "node/2506857442",
        "name": "Jackowice",
        "name:ru": "Ясковице",
        "name:uk": "Яцковіце",
        "network": "PKP Polskie Linie Kolejowe",
        "operator": "PKP Polskie Linie Kolejowe",
        "operator:short": "PKP PLK",
        "public_transport": "station",
        "railway": "station",
        "railway:ref": "Jc",
        "wikidata": "Q2955880",
        "wikipedia": "pl:Jackowice (stacja kolejowa)"
      },
      "geometry": {
        "type": "Point",
        "coordinates": [
          19.7958414,
          52.1569281
        ]
      },
      "id": "node/2506857442"
    },
    {
      "type": "Feature",
      "properties": {
        "@id": "node/2506857447",
        "name": "Niedźwiada Łowicka",
        "network": "PKP Polskie Linie Kolejowe",
        "operator": "PKP Polskie Linie Kolejowe",
        "operator:short": "PKP PLK",
        "railway": "halt",
        "wikidata": "Q11791425",
        "wikipedia": "pl:Niedźwiada Łowicka"
      },
      "geometry": {
        "type": "Point",
        "coordinates": [
          19.8842905,
          52.1402866
        ]
      },
      "id": "node/2506857447"
    },
    {
      "type": "Feature",
      "properties": {
        "@id": "node/2506857455",
        "name": "Zosinów",
        "railway": "halt",
        "wikidata": "Q4283095",
        "wikipedia": "pl:Zosinów (przystanek kolejowy)"
      },
      "geometry": {
        "type": "Point",
        "coordinates": [
          19.7161795,
          52.1857336
        ]
      },
      "id": "node/2506857455"
    },
    {
      "type": "Feature",
      "properties": {
        "@id": "node/2506857456",
        "name": "Złotniki Kutnowskie",
        "railway": "halt",
        "wikidata": "Q2103637",
        "wikipedia": "pl:Złotniki Kutnowskie"
      },
      "geometry": {
        "type": "Point",
        "coordinates": [
          19.4922057,
          52.225031
        ]
      },
      "id": "node/2506857456"
    },
    {
      "type": "Feature",
      "properties": {
        "@id": "node/2510050403",
        "name": "Krosnowa",
        "operator": "PKP Polskie Linie Kolejowe",
        "operator:short": "PKP PLK",
        "public_transport": "station",
        "railway": "halt",
        "train": "yes",
        "wikidata": "Q2291353",
        "wikipedia": "pl:Krosnowa (przystanek kolejowy)"
      },
      "geometry": {
        "type": "Point",
        "coordinates": [
          19.9232028,
          51.863412
        ]
      },
      "id": "node/2510050403"
    },
    {
      "type": "Feature",
      "properties": {
        "@id": "node/2510050404",
        "name": "Lipce Reymontowskie",
        "network": "Łódzka Kolej Aglomeracyjna;Polregio",
        "network:short": "ŁKA;PR",
        "operator": "PKP Polskie Linie Kolejowe",
        "operator:short": "PKP PLK",
        "public_transport": "station",
        "railway": "halt",
        "train": "yes",
        "wikidata": "Q660089",
        "wikipedia": "pl:Lipce Reymontowskie (przystanek kolejowy)"
      },
      "geometry": {
        "type": "Point",
        "coordinates": [
          19.9432413,
          51.9052299
        ]
      },
      "id": "node/2510050404"
    },
    {
      "type": "Feature",
      "properties": {
        "@id": "node/2510050405",
        "name": "Przyłęk Duży",
        "network": "Łódzka Kolej Aglomeracyjna",
        "network:short": "ŁKA",
        "operator": "PKP Polskie Linie Kolejowe",
        "operator:short": "PKP PLK",
        "public_transport": "station",
        "railway": "halt",
        "train": "yes",
        "wikidata": "Q3236412",
        "wikipedia": "pl:Przyłęk Duży (przystanek kolejowy)"
      },
      "geometry": {
        "type": "Point",
        "coordinates": [
          19.9173583,
          51.8409678
        ]
      },
      "id": "node/2510050405"
    },
    {
      "type": "Feature",
      "properties": {
        "@id": "node/2510050406",
        "name": "Wągry",
        "network": "Łódzka Kolej Aglomeracyjna",
        "network:short": "ŁKA",
        "operator": "PKP Polskie Linie Kolejowe",
        "operator:short": "PKP PLK",
        "public_transport": "station",
        "railway": "halt",
        "train": "yes",
        "wikidata": "Q2928648",
        "wikipedia": "pl:Wągry (przystanek kolejowy)"
      },
      "geometry": {
        "type": "Point",
        "coordinates": [
          19.8492696,
          51.7910508
        ]
      },
      "id": "node/2510050406"
    },
    {
      "type": "Feature",
      "properties": {
        "@id": "node/2513932500",
        "name": "Bednary",
        "name:pl": "Bednary",
        "name:ru": "Беднары",
        "name:uk": "Беднари",
        "network": "Koleje Mazowieckie",
        "network:short": "KM",
        "network:wikidata": "Q847966",
        "operator": "PKP Polskie Linie Kolejowe",
        "operator:short": "PKP PLK",
        "platforms": "2",
        "public_transport": "station",
        "railway": "station",
        "railway:ref": "Bd",
        "train": "yes",
        "wheelchair": "yes",
        "wikidata": "Q780519",
        "wikipedia": "pl:Bednary (stacja kolejowa)"
      },
      "geometry": {
        "type": "Point",
        "coordinates": [
          20.064785,
          52.1055389
        ]
      },
      "id": "node/2513932500"
    },
    {
      "type": "Feature",
      "properties": {
        "@id": "node/2513932503",
        "loc_name": "PKP Jasionna Łowicka",
        "name": "Jasionna Łowicka",
        "name:pl": "Jasionna Łowicka",
        "network": "Koleje Mazowieckie",
        "network:short": "KM",
        "operator": "PKP Polskie Linie Kolejowe",
        "operator:short": "PKP PLK",
        "public_transport": "station",
        "railway": "halt",
        "train": "yes",
        "wikidata": "Q2794884",
        "wikipedia": "pl:Jasionna Łowicka"
      },
      "geometry": {
        "type": "Point",
        "coordinates": [
          20.1236666,
          52.1246244
        ]
      },
      "id": "node/2513932503"
    },
    {
      "type": "Feature",
      "properties": {
        "@id": "node/2513932506",
        "name": "Kornelin",
        "network": "Koleje Mazowieckie",
        "network:short": "KM",
        "operator": "PKP Polskie Linie Kolejowe",
        "operator:short": "PKP PLK",
        "public_transport": "station",
        "railway": "halt",
        "train": "yes",
        "wikidata": "Q2368134",
        "wikipedia": "pl:Kornelin (przystanek kolejowy)"
      },
      "geometry": {
        "type": "Point",
        "coordinates": [
          20.2062345,
          52.183159
        ]
      },
      "id": "node/2513932506"
    },
    {
      "type": "Feature",
      "properties": {
        "@id": "node/2513932508",
        "name": "Kęszyce",
        "name:pl": "Kęszyce",
        "network": "Koleje Mazowieckie",
        "network:short": "KM",
        "operator": "PKP Polskie Linie Kolejowe",
        "operator:short": "PKP PLK",
        "public_transport": "station",
        "railway": "halt",
        "train": "yes",
        "wikidata": "Q1811353",
        "wikipedia": "pl:Kęszyce (przystanek kolejowy)"
      },
      "geometry": {
        "type": "Point",
        "coordinates": [
          20.1479628,
          52.1382238
        ]
      },
      "id": "node/2513932508"
    },
    {
      "type": "Feature",
      "properties": {
        "@id": "node/2513932511",
        "addr:city": "Mysłaków",
        "name": "Mysłaków",
        "name:pl": "Mysłaków",
        "operator": "PKP Polskie Linie Kolejowe",
        "operator:short": "PKP PLK",
        "public_transport": "station",
        "railway": "halt",
        "train": "yes",
        "wikidata": "Q2988114",
        "wikipedia": "pl:Mysłaków (przystanek kolejowy)"
      },
      "geometry": {
        "type": "Point",
        "coordinates": [
          20.0162257,
          52.0923979
        ]
      },
      "id": "node/2513932511"
    },
    {
      "type": "Feature",
      "properties": {
        "@id": "node/2517728018",
        "name": "Stare Grudze",
        "railway": "halt"
      },
      "geometry": {
        "type": "Point",
        "coordinates": [
          19.8999747,
          52.046683
        ]
      },
      "id": "node/2517728018"
    },
    {
      "type": "Feature",
      "properties": {
        "@id": "node/2517728067",
        "name": "Łowicz Przedmieście",
        "name:ru": "Лович Предместье",
        "name:uk": "Ловіч Передмістя",
        "operator": "PKP Polskie Linie Kolejowe",
        "operator:short": "PKP PLK",
        "public_transport": "station",
        "railway": "station",
        "railway:ref": "ŁP",
        "wikidata": "Q2609784",
        "wikipedia": "pl:Łowicz Przedmieście"
      },
      "geometry": {
        "type": "Point",
        "coordinates": [
          19.9466922,
          52.093053
        ]
      },
      "id": "node/2517728067"
    },
    {
      "type": "Feature",
      "properties": {
        "@id": "node/2517955024",
        "name": "Glinnik Wieś",
        "railway": "halt"
      },
      "geometry": {
        "type": "Point",
        "coordinates": [
          19.4816397,
          51.8825416
        ]
      },
      "id": "node/2517955024"
    },
    {
      "type": "Feature",
      "properties": {
        "@id": "node/2517955025",
        "name": "Glinnik",
        "network": "PKP Polskie Linie Kolejowe",
        "railway": "halt",
        "railway:ref": "Gn"
      },
      "geometry": {
        "type": "Point",
        "coordinates": [
          19.4971986,
          51.8869383
        ]
      },
      "id": "node/2517955025"
    },
    {
      "type": "Feature",
      "properties": {
        "@id": "node/2532020979",
        "name": "Łódź Pabianicka",
        "operator": "PKP Polskie Linie Kolejowe",
        "operator:short": "PKP PLK",
        "railway": "halt",
        "wheelchair": "yes",
        "wikidata": "Q16621469",
        "wikipedia": "pl:Łódź Pabianicka"
      },
      "geometry": {
        "type": "Point",
        "coordinates": [
          19.4453004,
          51.7262238
        ]
      },
      "id": "node/2532020979"
    },
    {
      "type": "Feature",
      "properties": {
        "@id": "node/2586034874",
        "addr:city": "Gałków Duży",
        "addr:country": "PL",
        "addr:housenumber": "1",
        "addr:postcode": "95-040",
        "addr:street": "Dworcowa",
        "name": "Gałkówek",
        "name:ru": "Галковек",
        "name:uk": "Ґалковек",
        "network": "PKP Polskie Linie Kolejowe",
        "operator": "PKP Polskie Linie Kolejowe",
        "operator:short": "PKP PLK",
        "public_transport": "station",
        "railway": "station",
        "railway:ref": "G",
        "source:addr": "EMUiA (emuia.geoportal.gov.pl)",
        "wikidata": "Q1824218",
        "wikipedia": "pl:Gałkówek (stacja kolejowa)"
      },
      "geometry": {
        "type": "Point",
        "coordinates": [
          19.7318181,
          51.7298223
        ]
      },
      "id": "node/2586034874"
    },
    {
      "type": "Feature",
      "properties": {
        "@id": "node/2592224758",
        "name": "Spała",
        "name:ru": "Спала",
        "name:uk": "Спала",
        "network": "Łódzka Kolej Aglomeracyjna",
        "network:short": "ŁKA",
        "operator": "PKP Polskie Linie Kolejowe",
        "operator:short": "PKP PLK",
        "public_transport": "station",
        "railway": "station",
        "train": "yes",
        "wikidata": "Q3918927",
        "wikipedia": "pl:Spała (stacja kolejowa)"
      },
      "geometry": {
        "type": "Point",
        "coordinates": [
          20.1352516,
          51.5520558
        ]
      },
      "id": "node/2592224758"
    },
    {
      "type": "Feature",
      "properties": {
        "@id": "node/2606904047",
        "name": "Łódź Radogoszcz Zachód",
        "operator": "PKP Polskie Linie Kolejowe",
        "operator:short": "PKP PLK",
        "public_transport": "station",
        "railway": "halt",
        "train": "yes",
        "wheelchair": "yes",
        "wikidata": "Q16621472",
        "wikipedia": "pl:Łódź Radogoszcz Zachód"
      },
      "geometry": {
        "type": "Point",
        "coordinates": [
          19.4157524,
          51.8219706
        ]
      },
      "id": "node/2606904047"
    },
    {
      "type": "Feature",
      "properties": {
        "@id": "node/2632777972",
        "name": "Łódź Dąbrowa",
        "network": "Łódzka Kolej Aglomeracyjna;Polregio",
        "network:short": "ŁKA;PR",
        "operator": "PKP Polskie Linie Kolejowe",
        "operator:short": "PKP PLK",
        "public_transport": "station",
        "railway": "halt",
        "train": "yes",
        "wheelchair": "yes",
        "wikidata": "Q16621467",
        "wikipedia": "pl:Łódź Dąbrowa"
      },
      "geometry": {
        "type": "Point",
        "coordinates": [
          19.5106059,
          51.7358946
        ]
      },
      "id": "node/2632777972"
    },
    {
      "type": "Feature",
      "properties": {
        "@id": "node/2639477159",
        "name": "Żakowice Południowe",
        "name:pl": "Żakowice Południowe",
        "network": "Łódzka Kolej Aglomeracyjna",
        "network:short": "ŁKA",
        "network:wikidata": "Q9395008",
        "note": "Przystanek osobowy i posterunek odgałęźny",
        "operator": "PKP Polskie Linie Kolejowe",
        "operator:short": "PKP PLK",
        "public_transport": "station",
        "railway": "halt",
        "railway:ref": "ŻP",
        "train": "yes",
        "wikidata": "Q2212748",
        "wikipedia": "pl:Żakowice Południowe"
      },
      "geometry": {
        "type": "Point",
        "coordinates": [
          19.7861951,
          51.7301436
        ]
      },
      "id": "node/2639477159"
    },
    {
      "type": "Feature",
      "properties": {
        "@id": "node/2661065522",
        "departures_board": "timetable",
        "name": "Łódź Andrzejów Szosa",
        "network": "Łódzka Kolej Aglomeracyjna",
        "network:short": "ŁKA",
        "operator": "PKP Polskie Linie Kolejowe",
        "operator:short": "PKP PLK",
        "public_transport": "station",
        "railway": "halt",
        "shelter": "yes",
        "train": "yes",
        "wikidata": "Q9395037",
        "wikipedia": "pl:Łódź Andrzejów Szosa"
      },
      "geometry": {
        "type": "Point",
        "coordinates": [
          19.6129065,
          51.7415641
        ]
      },
      "id": "node/2661065522"
    },
    {
      "type": "Feature",
      "properties": {
        "@id": "node/2661065524",
        "name": "Łódź Olechów Wiadukt",
        "network": "Łódzka Kolej Aglomeracyjna",
        "network:short": "ŁKA",
        "operator": "PKP Polskie Linie Kolejowe",
        "operator:short": "PKP PLK",
        "public_transport": "station",
        "railway": "halt",
        "wikidata": "Q2593285",
        "wikipedia": "pl:Łódź Olechów Wiadukt"
      },
      "geometry": {
        "type": "Point",
        "coordinates": [
          19.5436869,
          51.7236889
        ]
      },
      "id": "node/2661065524"
    },
    {
      "type": "Feature",
      "properties": {
        "@id": "node/2661065525",
        "name": "Łódź Olechów Zachód",
        "operator": "PKP Polskie Linie Kolejowe",
        "operator:short": "PKP PLK",
        "public_transport": "station",
        "railway": "halt",
        "train": "yes",
        "wikidata": "Q9395041",
        "wikipedia": "pl:Łódź Olechów Zachód"
      },
      "geometry": {
        "type": "Point",
        "coordinates": [
          19.5590165,
          51.7249053
        ]
      },
      "id": "node/2661065525"
    },
    {
      "type": "Feature",
      "properties": {
        "@id": "node/2674855583",
        "name": "Sołtyków",
        "operator": "PKP Polskie Linie Kolejowe",
        "operator:short": "PKP PLK",
        "railway": "halt",
        "start_date": "1910",
        "wikidata": "Q2229951",
        "wikipedia": "pl:Sołtyków (przystanek kolejowy)"
      },
      "geometry": {
        "type": "Point",
        "coordinates": [
          20.690917,
          51.1379985
        ]
      },
      "id": "node/2674855583"
    },
    {
      "type": "Feature",
      "properties": {
        "@id": "node/2675058066",
        "name": "Kornica",
        "old_name": "Barycz",
        "operator": "PKP Polskie Linie Kolejowe",
        "operator:short": "PKP PLK",
        "public_transport": "station",
        "railway": "halt",
        "train": "yes",
        "wikidata": "Q2093568",
        "wikipedia": "pl:Kornica (przystanek kolejowy)"
      },
      "geometry": {
        "type": "Point",
        "coordinates": [
          20.4051893,
          51.2169261
        ]
      },
      "id": "node/2675058066"
    },
    {
      "type": "Feature",
      "properties": {
        "@id": "node/2675058075",
        "name": "Ruda Białaczowska",
        "operator": "PKP Polskie Linie Kolejowe",
        "operator:short": "PKP PLK",
        "public_transport": "station",
        "railway": "halt",
        "train": "yes",
        "wikidata": "Q2279214",
        "wikipedia": "pl:Ruda Białaczowska (przystanek kolejowy)"
      },
      "geometry": {
        "type": "Point",
        "coordinates": [
          20.3823473,
          51.2623613
        ]
      },
      "id": "node/2675058075"
    },
    {
      "type": "Feature",
      "properties": {
        "@id": "node/2675058089",
        "name": "Stąporków",
        "name:ru": "Стомпоркув",
        "name:uk": "Стомпоркув",
        "old_name": "Niekłań",
        "operator": "PKP Polskie Linie Kolejowe",
        "operator:short": "PKP PLK",
        "public_transport": "station",
        "railway": "station",
        "railway:ref": "Sp",
        "start_date": "1885-07-22",
        "wikidata": "Q2569902",
        "wikipedia": "pl:Stąporków (stacja kolejowa)"
      },
      "geometry": {
        "type": "Point",
        "coordinates": [
          20.5735471,
          51.1435118
        ]
      },
      "id": "node/2675058089"
    },
    {
      "type": "Feature",
      "properties": {
        "@id": "node/2675058099",
        "name": "Wólka Plebańska",
        "railway": "halt",
        "start_date": "1942",
        "wikidata": "Q2643275",
        "wikipedia": "pl:Wólka Plebańska (przystanek kolejowy)"
      },
      "geometry": {
        "type": "Point",
        "coordinates": [
          20.6320631,
          51.1533684
        ]
      },
      "id": "node/2675058099"
    },
    {
      "type": "Feature",
      "properties": {
        "@id": "node/2675058109",
        "name": "Wąsosz Konecki",
        "old_name": "Mysie Górki",
        "railway": "halt",
        "start_date": "1951-05-20",
        "wikidata": "Q9381313",
        "wikipedia": "pl:Wąsosz Konecki"
      },
      "geometry": {
        "type": "Point",
        "coordinates": [
          20.4776163,
          51.1451673
        ]
      },
      "id": "node/2675058109"
    },
    {
      "type": "Feature",
      "properties": {
        "@id": "node/2699871224",
        "name": "Zgierz Jaracza",
        "operator": "PKP Polskie Linie Kolejowe",
        "operator:short": "PKP PLK",
        "railway": "halt",
        "wikidata": "Q16620124",
        "wikipedia": "pl:Zgierz Jaracza"
      },
      "geometry": {
        "type": "Point",
        "coordinates": [
          19.4221438,
          51.8639418
        ]
      },
      "id": "node/2699871224"
    },
    {
      "type": "Feature",
      "properties": {
        "@id": "node/2713790979",
        "name": "Rokiciny",
        "name:ru": "Рокицины",
        "name:uk": "Рокіцини",
        "operator": "PKP Polskie Linie Kolejowe",
        "operator:short": "PKP PLK",
        "public_transport": "station",
        "railway": "station",
        "railway:ref": "Rk",
        "wheelchair": "yes",
        "wikidata": "Q3329299",
        "wikipedia": "pl:Rokiciny (stacja kolejowa)"
      },
      "geometry": {
        "type": "Point",
        "coordinates": [
          19.780676,
          51.6675458
        ]
      },
      "id": "node/2713790979"
    },
    {
      "type": "Feature",
      "properties": {
        "@id": "node/2713808231",
        "name": "Wolbórka",
        "old_name": "Czarnocin",
        "operator": "PKP Polskie Linie Kolejowe",
        "operator:short": "PKP PLK",
        "public_transport": "station",
        "railway": "halt",
        "train": "yes",
        "wikidata": "Q9377628",
        "wikipedia": "pl:Wolbórka (przystanek kolejowy)"
      },
      "geometry": {
        "type": "Point",
        "coordinates": [
          19.7234733,
          51.5933075
        ]
      },
      "id": "node/2713808231"
    },
    {
      "type": "Feature",
      "properties": {
        "@id": "node/2715322535",
        "name": "Moszczenica",
        "operator": "PKP Polskie Linie Kolejowe",
        "operator:short": "PKP PLK",
        "public_transport": "station",
        "railway": "halt",
        "train": "yes",
        "wikidata": "Q1930441",
        "wikipedia": "pl:Moszczenica (stacja kolejowa)"
      },
      "geometry": {
        "type": "Point",
        "coordinates": [
          19.7004196,
          51.5034799
        ]
      },
      "id": "node/2715322535"
    },
    {
      "type": "Feature",
      "properties": {
        "@id": "node/2715326796",
        "name": "Jarosty",
        "operator": "PKP Polskie Linie Kolejowe",
        "operator:short": "PKP PLK",
        "public_transport": "station",
        "railway": "halt",
        "train": "yes",
        "wikidata": "Q2420154",
        "wikipedia": "pl:Jarosty (przystanek kolejowy)"
      },
      "geometry": {
        "type": "Point",
        "coordinates": [
          19.6931449,
          51.4615322
        ]
      },
      "id": "node/2715326796"
    },
    {
      "type": "Feature",
      "properties": {
        "@id": "node/2726746707",
        "name": "Chechło",
        "operator": "PKP Polskie Linie Kolejowe",
        "operator:short": "PKP PLK",
        "public_transport": "station",
        "railway": "halt",
        "train": "yes",
        "wikidata": "Q2350908",
        "wikipedia": "pl:Chechło (przystanek kolejowy)"
      },
      "geometry": {
        "type": "Point",
        "coordinates": [
          19.2865151,
          51.6449462
        ]
      },
      "id": "node/2726746707"
    },
    {
      "type": "Feature",
      "properties": {
        "@id": "node/2728456731",
        "name": "Borszewice",
        "note": "Przystanek osobowy i posterunek odstępowy",
        "operator": "PKP Polskie Linie Kolejowe",
        "operator:short": "PKP PLK",
        "public_transport": "station",
        "railway": "halt",
        "train": "yes",
        "wikidata": "Q9177834",
        "wikipedia": "pl:Borszewice (przystanek kolejowy)"
      },
      "geometry": {
        "type": "Point",
        "coordinates": [
          19.035664,
          51.6097491
        ]
      },
      "id": "node/2728456731"
    },
    {
      "type": "Feature",
      "properties": {
        "@id": "node/2728614146",
        "name": "Zduńska Wola Karsznice",
        "name:ru": "Здуньска Вола Каршнице",
        "name:uk": "Здунська Вола Каршніце",
        "old_name": "Karsznice;Karschnitz",
        "operator": "PKP Polskie Linie Kolejowe",
        "operator:short": "PKP PLK",
        "public_transport": "station",
        "railway": "station",
        "railway:ref": "ZWK",
        "wikidata": "Q1993166",
        "wikipedia": "pl:Zduńska Wola Karsznice"
      },
      "geometry": {
        "type": "Point",
        "coordinates": [
          18.9947256,
          51.5890163
        ]
      },
      "id": "node/2728614146"
    },
    {
      "type": "Feature",
      "properties": {
        "@id": "node/2728673654",
        "construction": "halt",
        "name": "Zduńska Wola Południowa",
        "old_name": "Zduńska Wola Karsznice Południowe",
        "operator": "PKP Polskie Linie Kolejowe",
        "operator:short": "PKP PLK",
        "public_transport": "station",
        "railway": "halt",
        "train": "yes",
        "wikidata": "Q2005488",
        "wikipedia": "pl:Zduńska Wola Południowa"
      },
      "geometry": {
        "type": "Point",
        "coordinates": [
          19.0052473,
          51.5803366
        ]
      },
      "id": "node/2728673654"
    },
    {
      "type": "Feature",
      "properties": {
        "@id": "node/2730943621",
        "name": "Męcka Wola",
        "operator": "PKP Polskie Linie Kolejowe",
        "operator:short": "PKP PLK",
        "public_transport": "station",
        "railway": "halt",
        "train": "yes",
        "uic_ref": "5102228",
        "wikidata": "Q3357085",
        "wikipedia": "pl:Męcka Wola (przystanek kolejowy)"
      },
      "geometry": {
        "type": "Point",
        "coordinates": [
          18.8466586,
          51.6091087
        ]
      },
      "id": "node/2730943621"
    },
    {
      "type": "Feature",
      "properties": {
        "@id": "node/2744361670",
        "name": "Kutno Azory",
        "network": "Koleje Mazowieckie",
        "network:short": "KM",
        "old_name": "Azory",
        "operator": "PKP Polskie Linie Kolejowe",
        "operator:short": "PKP PLK",
        "public_transport": "station",
        "railway": "halt",
        "train": "yes",
        "wikidata": "Q2039319",
        "wikipedia": "pl:Kutno Azory"
      },
      "geometry": {
        "type": "Point",
        "coordinates": [
          19.3047011,
          52.2397188
        ]
      },
      "id": "node/2744361670"
    },
    {
      "type": "Feature",
      "properties": {
        "@id": "node/2758036647",
        "name": "Sitowa",
        "operator": "PKP Polskie Linie Kolejowe",
        "operator:short": "PKP PLK",
        "public_transport": "station",
        "railway": "halt",
        "train": "yes",
        "wikidata": "Q672157",
        "wikipedia": "pl:Sitowa (przystanek kolejowy)"
      },
      "geometry": {
        "type": "Point",
        "coordinates": [
          20.3244279,
          51.3389505
        ]
      },
      "id": "node/2758036647"
    },
    {
      "type": "Feature",
      "properties": {
        "@id": "node/2758052343",
        "historic:railway": "station",
        "name": "Petrykozy",
        "old_name": "Białaczów",
        "operator": "PKP Polskie Linie Kolejowe",
        "operator:short": "PKP PLK",
        "public_transport": "station",
        "railway": "halt",
        "train": "yes",
        "wikidata": "Q2865226",
        "wikipedia": "pl:Petrykozy (przystanek kolejowy)"
      },
      "geometry": {
        "type": "Point",
        "coordinates": [
          20.3633991,
          51.2955197
        ]
      },
      "id": "node/2758052343"
    },
    {
      "type": "Feature",
      "properties": {
        "@id": "node/2758085364",
        "name": "Antoniów",
        "operator": "PKP Polskie Linie Kolejowe",
        "operator:short": "PKP PLK",
        "public_transport": "station",
        "railway": "halt",
        "train": "yes",
        "wikidata": "Q2584837",
        "wikipedia": "pl:Antoniów (przystanek kolejowy)"
      },
      "geometry": {
        "type": "Point",
        "coordinates": [
          20.1983511,
          51.4757968
        ]
      },
      "id": "node/2758085364"
    },
    {
      "type": "Feature",
      "properties": {
        "@id": "node/2758141403",
        "name": "Radzice",
        "operator": "PKP Polskie Linie Kolejowe",
        "operator:short": "PKP PLK",
        "public_transport": "station",
        "railway": "halt",
        "train": "yes",
        "wikidata": "Q2633631",
        "wikipedia": "pl:Radzice Przystanek"
      },
      "geometry": {
        "type": "Point",
        "coordinates": [
          20.3973839,
          51.4666057
        ]
      },
      "id": "node/2758141403"
    },
    {
      "type": "Feature",
      "properties": {
        "@id": "node/2813124649",
        "name": "Rutkowice",
        "network": "PKP Polskie Linie Kolejowe",
        "operator": "PKP Polskie Linie Kolejowe",
        "operator:short": "PKP PLK",
        "railway": "halt",
        "wikidata": "Q2531903",
        "wikipedia": "pl:Rutkowice (przystanek kolejowy)"
      },
      "geometry": {
        "type": "Point",
        "coordinates": [
          19.1590995,
          52.3614625
        ]
      },
      "id": "node/2813124649"
    },
    {
      "type": "Feature",
      "properties": {
        "@id": "node/3138262522",
        "name": "Opoczno Południe",
        "name:ru": "Опочно Юг",
        "name:uk": "Опочно Полуднє",
        "network": "PKP Polskie Linie Kolejowe",
        "note": "patrz uwaga #341750 dla szczegółów tagowania",
        "operator": "PKP Polskie Linie Kolejowe",
        "operator:short": "PKP PLK",
        "public_transport": "station",
        "railway": "station",
        "railway:ref": "OP",
        "source": "Załącznik 2.6 Regulaminu sieci PKP PLK",
        "train": "yes",
        "wheelchair": "yes",
        "wikidata": "Q1905381",
        "wikipedia": "pl:Opoczno Południe"
      },
      "geometry": {
        "type": "Point",
        "coordinates": [
          20.2324376,
          51.3591831
        ]
      },
      "id": "node/3138262522"
    },
    {
      "type": "Feature",
      "properties": {
        "@id": "node/3139728370",
        "name": "Rokszyce",
        "railway": "halt"
      },
      "geometry": {
        "type": "Point",
        "coordinates": [
          20.4509263,
          51.7880276
        ]
      },
      "id": "node/3139728370"
    },
    {
      "type": "Feature",
      "properties": {
        "@id": "node/3206235321",
        "name": "Herby Stare",
        "name:ru": "Хербы Старе",
        "name:uk": "Герби Старе",
        "operator": "PKP Polskie Linie Kolejowe",
        "operator:short": "PKP PLK",
        "public_transport": "station",
        "railway": "station",
        "railway:ref": "HS",
        "train": "yes",
        "uic_ref": "5100112",
        "wikidata": "Q2694356",
        "wikipedia": "pl:Herby Stare"
      },
      "geometry": {
        "type": "Point",
        "coordinates": [
          18.8821298,
          50.7476646
        ]
      },
      "id": "node/3206235321"
    },
    {
      "type": "Feature",
      "properties": {
        "@id": "node/3206327164",
        "name": "Herby Nowe",
        "name:de": "Neu Herby",
        "name:pl": "Herby Nowe",
        "name:ru": "Хербы Нове",
        "name:uk": "Герби Нове",
        "old_name": "Neu Herby",
        "operator": "PKP Polskie Linie Kolejowe",
        "operator:short": "PKP PLK",
        "public_transport": "station",
        "railway": "station",
        "railway:ref": "HN",
        "wikidata": "Q3204971",
        "wikipedia": "pl:Herby Nowe"
      },
      "geometry": {
        "type": "Point",
        "coordinates": [
          18.8545491,
          50.7472918
        ]
      },
      "id": "node/3206327164"
    },
    {
      "type": "Feature",
      "properties": {
        "@id": "node/3206591358",
        "name": "Kłobuck",
        "name:de": "Klobutzko",
        "name:pl": "Kłobuck",
        "name:ru": "Клобуцк",
        "name:uk": "Клобуцьк",
        "public_transport": "station",
        "railway": "station",
        "train": "yes",
        "wikidata": "Q2655408",
        "wikipedia": "pl:Kłobuck (stacja kolejowa)"
      },
      "geometry": {
        "type": "Point",
        "coordinates": [
          18.9234568,
          50.9089907
        ]
      },
      "id": "node/3206591358"
    },
    {
      "type": "Feature",
      "properties": {
        "@id": "node/3207437938",
        "disused:railway": "station",
        "name": "Działoszyn",
        "public_transport": "station",
        "railway": "station",
        "train": "yes",
        "wikidata": "Q2931864",
        "wikipedia": "pl:Działoszyn (stacja kolejowa)"
      },
      "geometry": {
        "type": "Point",
        "coordinates": [
          18.9142886,
          51.116973
        ]
      },
      "id": "node/3207437938"
    },
    {
      "type": "Feature",
      "properties": {
        "@id": "node/3209397719",
        "name": "Chorzew Siemkowice",
        "operator": "PKP Polskie Linie Kolejowe",
        "operator:short": "PKP PLK",
        "public_transport": "station",
        "railway": "station",
        "railway:ref": "ChS",
        "railway:yard:hump": "no",
        "railway:yard:purpose": "automobile;bypass;manifest",
        "railway:yard:size": "medium",
        "train": "yes",
        "wikidata": "Q2702613",
        "wikipedia": "pl:Chorzew Siemkowice"
      },
      "geometry": {
        "type": "Point",
        "coordinates": [
          18.9411517,
          51.2096366
        ]
      },
      "id": "node/3209397719"
    },
    {
      "type": "Feature",
      "properties": {
        "@id": "node/3209550348",
        "name": "Rusiec Łódzki",
        "public_transport": "station",
        "railway": "station",
        "train": "yes",
        "wikidata": "Q9324098",
        "wikipedia": "pl:Rusiec Łódzki"
      },
      "geometry": {
        "type": "Point",
        "coordinates": [
          18.9694348,
          51.3169554
        ]
      },
      "id": "node/3209550348"
    },
    {
      "type": "Feature",
      "properties": {
        "@id": "node/3209700169",
        "name": "Chociw Łaski",
        "old_name": "Widawa",
        "operator": "PKP Polskie Linie Kolejowe",
        "operator:short": "PKP PLK",
        "public_transport": "station",
        "railway": "station",
        "railway:ref": "ChL",
        "train": "yes",
        "wikidata": "Q5354116",
        "wikipedia": "pl:Chociw Łaski"
      },
      "geometry": {
        "type": "Point",
        "coordinates": [
          18.9825377,
          51.4065095
        ]
      },
      "id": "node/3209700169"
    },
    {
      "type": "Feature",
      "properties": {
        "@id": "node/3211382336",
        "name": "Kozuby",
        "operator": "PKP Polskie Linie Kolejowe",
        "operator:short": "PKP PLK",
        "public_transport": "station",
        "railway": "station",
        "railway:ref": "Kb",
        "train": "yes",
        "wikidata": "Q2722833",
        "wikipedia": "pl:Kozuby (stacja kolejowa)"
      },
      "geometry": {
        "type": "Point",
        "coordinates": [
          19.0229037,
          51.4938521
        ]
      },
      "id": "node/3211382336"
    },
    {
      "type": "Feature",
      "properties": {
        "@id": "node/3211382337",
        "name": "Siedlce Łaskie",
        "operator": "PKP Polskie Linie Kolejowe",
        "operator:short": "PKP PLK",
        "public_transport": "station",
        "railway": "halt",
        "train": "yes",
        "wikidata": "Q2114775",
        "wikipedia": "pl:Siedlce Łaskie"
      },
      "geometry": {
        "type": "Point",
        "coordinates": [
          19.0154415,
          51.4569519
        ]
      },
      "id": "node/3211382337"
    },
    {
      "type": "Feature",
      "properties": {
        "@id": "node/3232162495",
        "name": "Maków",
        "network": "Łódzka Kolej Aglomeracyjna",
        "network:short": "ŁKA",
        "operator": "PKP Polskie Linie Kolejowe",
        "operator:short": "PKP PLK",
        "public_transport": "station",
        "railway": "halt",
        "train": "yes",
        "wikidata": "Q2694220",
        "wikipedia": "pl:Maków (przystanek kolejowy)"
      },
      "geometry": {
        "type": "Point",
        "coordinates": [
          20.0456343,
          51.9422422
        ]
      },
      "id": "node/3232162495"
    },
    {
      "type": "Feature",
      "properties": {
        "@id": "node/3232189638",
        "name": "Mokra",
        "name:pl": "Mokra",
        "network": "Łódzka Kolej Aglomeracyjna",
        "network:short": "ŁKA",
        "operator": "PKP Polskie Linie Kolejowe",
        "operator:short": "PKP PLK",
        "railway": "halt",
        "wikidata": "Q520873",
        "wikipedia": "pl:Mokra (przystanek kolejowy)"
      },
      "geometry": {
        "type": "Point",
        "coordinates": [
          20.0995155,
          51.9787833
        ]
      },
      "id": "node/3232189638"
    },
    {
      "type": "Feature",
      "properties": {
        "@id": "node/3233117250",
        "name": "Jacków",
        "operator": "PKP Polskie Linie Kolejowe",
        "operator:short": "PKP PLK",
        "public_transport": "station",
        "railway": "halt",
        "train": "yes",
        "wikidata": "Q3359136",
        "wikipedia": "pl:Jacków (przystanek kolejowy)"
      },
      "geometry": {
        "type": "Point",
        "coordinates": [
          19.3546779,
          50.9643734
        ]
      },
      "id": "node/3233117250"
    },
    {
      "type": "Feature",
      "properties": {
        "@id": "node/3233182105",
        "name": "Rzerzęczyce",
        "operator": "PKP Polskie Linie Kolejowe",
        "operator:short": "PKP PLK",
        "public_transport": "station",
        "railway": "halt",
        "train": "yes",
        "wikidata": "Q2344647",
        "wikipedia": "pl:Rzerzęczyce (przystanek kolejowy)"
      },
      "geometry": {
        "type": "Point",
        "coordinates": [
          19.3284143,
          50.897353
        ]
      },
      "id": "node/3233182105"
    },
    {
      "type": "Feature",
      "properties": {
        "@id": "node/3233257675",
        "name": "Rudniki koło Częstochowy",
        "name:ru": "Рудники коло Ченстоховы",
        "name:uk": "Руднікі коло Ченстохови",
        "operator": "PKP Polskie Linie Kolejowe",
        "operator:short": "PKP PLK",
        "public_transport": "station",
        "railway": "station",
        "railway:ref": "Rd",
        "wikidata": "Q9323737",
        "wikipedia": "pl:Rudniki koło Częstochowy"
      },
      "geometry": {
        "type": "Point",
        "coordinates": [
          19.2322503,
          50.8782089
        ]
      },
      "id": "node/3233257675"
    },
    {
      "type": "Feature",
      "properties": {
        "@id": "node/3233345002",
        "name": "Częstochowa Aniołów",
        "operator": "PKP Polskie Linie Kolejowe",
        "operator:short": "PKP PLK",
        "public_transport": "station",
        "railway": "halt",
        "train": "yes",
        "wikidata": "Q1809422",
        "wikipedia": "pl:Częstochowa Aniołów"
      },
      "geometry": {
        "type": "Point",
        "coordinates": [
          19.1516348,
          50.8352835
        ]
      },
      "id": "node/3233345002"
    },
    {
      "type": "Feature",
      "properties": {
        "@id": "node/3327705582",
        "name": "Łódź Arturówek",
        "operator": "PKP Polskie Linie Kolejowe",
        "operator:short": "PKP PLK",
        "public_transport": "station",
        "railway": "halt",
        "train": "yes",
        "wheelchair": "yes",
        "wikidata": "Q9395038",
        "wikipedia": "pl:Łódź Arturówek"
      },
      "geometry": {
        "type": "Point",
        "coordinates": [
          19.4566295,
          51.8154459
        ]
      },
      "id": "node/3327705582"
    },
    {
      "type": "Feature",
      "properties": {
        "@id": "node/3327795553",
        "name": "Łódź Marysin",
        "note": "Przystanek osobowy i mijanka",
        "operator": "PKP Polskie Linie Kolejowe",
        "operator:short": "PKP PLK",
        "public_transport": "station",
        "railway": "halt",
        "railway:ref": "ŁM",
        "train": "yes",
        "wheelchair": "yes",
        "wikidata": "Q16979396",
        "wikipedia": "pl:Łódź Marysin"
      },
      "geometry": {
        "type": "Point",
        "coordinates": [
          19.4861551,
          51.8001727
        ]
      },
      "id": "node/3327795553"
    },
    {
      "type": "Feature",
      "properties": {
        "@id": "node/3328426044",
        "name": "Łódź Stoki",
        "operator": "PKP Polskie Linie Kolejowe",
        "operator:short": "PKP PLK",
        "public_transport": "station",
        "railway": "halt",
        "train": "yes",
        "wheelchair": "yes",
        "wikidata": "Q2154261",
        "wikipedia": "pl:Łódź Stoki"
      },
      "geometry": {
        "type": "Point",
        "coordinates": [
          19.5105621,
          51.7765631
        ]
      },
      "id": "node/3328426044"
    },
    {
      "type": "Feature",
      "properties": {
        "@id": "node/3329212910",
        "name": "Łódź Żabieniec",
        "name:ru": "Лодзь Жабинец",
        "name:uk": "Лодзь Жаб'єнець",
        "network": "PKP Polskie Linie Kolejowe",
        "operator": "PKP Polskie Linie Kolejowe",
        "operator:short": "PKP PLK",
        "public_transport": "station",
        "railway": "station",
        "railway:ref": "ŁŻ",
        "wikidata": "Q3088550",
        "wikipedia": "pl:Łódź Żabieniec"
      },
      "geometry": {
        "type": "Point",
        "coordinates": [
          19.4070192,
          51.7935514
        ]
      },
      "id": "node/3329212910"
    },
    {
      "type": "Feature",
      "properties": {
        "@id": "node/3341813396",
        "name": "Szczukowskie Górki",
        "operator": "PKP Polskie Linie Kolejowe",
        "operator:short": "PKP PLK",
        "public_transport": "station",
        "railway": "halt",
        "railway:ref": "SzG",
        "train": "yes",
        "wikidata": "Q966768",
        "wikipedia": "pl:Szczukowskie Górki (przystanek kolejowy)"
      },
      "geometry": {
        "type": "Point",
        "coordinates": [
          20.5256847,
          50.8832303
        ]
      },
      "id": "node/3341813396"
    },
    {
      "type": "Feature",
      "properties": {
        "@id": "node/3372960452",
        "name": "Jaktorów",
        "network": "Koleje Mazowieckie",
        "network:short": "KM",
        "operator": "PKP Polskie Linie Kolejowe",
        "operator:short": "PKP PLK",
        "public_transport": "station",
        "railway": "halt",
        "train": "yes",
        "wikidata": "Q2486481",
        "wikipedia": "pl:Jaktorów (przystanek kolejowy)"
      },
      "geometry": {
        "type": "Point",
        "coordinates": [
          20.5518786,
          52.0866651
        ]
      },
      "id": "node/3372960452"
    },
    {
      "type": "Feature",
      "properties": {
        "@id": "node/3392590083",
        "name": "Nowa Sucha",
        "name:pl": "Nowa Sucha",
        "old_name": "Leonów",
        "operator": "PKP Polskie Linie Kolejowe",
        "operator:short": "PKP PLK",
        "public_transport": "station",
        "railway": "halt",
        "train": "yes",
        "wikidata": "Q2409150",
        "wikipedia": "pl:Nowa Sucha (przystanek kolejowy)"
      },
      "geometry": {
        "type": "Point",
        "coordinates": [
          20.1721567,
          52.1613901
        ]
      },
      "id": "node/3392590083"
    },
    {
      "type": "Feature",
      "properties": {
        "@id": "node/3393485020",
        "name": "Sklęczki",
        "operator": "PKP Polskie Linie Kolejowe",
        "operator:short": "PKP PLK",
        "railway": "halt",
        "wikidata": "Q2655257",
        "wikipedia": "pl:Sklęczki (przystanek kolejowy)"
      },
      "geometry": {
        "type": "Point",
        "coordinates": [
          19.4054378,
          52.2253793
        ]
      },
      "id": "node/3393485020"
    },
    {
      "type": "Feature",
      "properties": {
        "@id": "node/3393520439",
        "name": "Kłodawa",
        "name:ru": "Клодава",
        "name:uk": "Клодава",
        "network": "Koleje Wielkopolskie",
        "network:short": "KW",
        "operator": "PKP Polskie Linie Kolejowe",
        "operator:short": "PKP PLK",
        "public_transport": "station",
        "railway": "station",
        "railway:ref": "Kł",
        "wikidata": "Q11752117",
        "wikipedia": "pl:Kłodawa (stacja kolejowa)"
      },
      "geometry": {
        "type": "Point",
        "coordinates": [
          18.8905271,
          52.2273817
        ]
      },
      "id": "node/3393520439"
    },
    {
      "type": "Feature",
      "properties": {
        "@id": "node/3416645555",
        "name": "Tumlin",
        "operator": "PKP Polskie Linie Kolejowe",
        "operator:short": "PKP PLK",
        "public_transport": "station",
        "railway": "halt",
        "train": "yes",
        "wikidata": "Q3204142",
        "wikipedia": "pl:Tumlin (przystanek kolejowy)"
      },
      "geometry": {
        "type": "Point",
        "coordinates": [
          20.6021604,
          50.9674642
        ]
      },
      "id": "node/3416645555"
    },
    {
      "type": "Feature",
      "properties": {
        "@id": "node/3433334414",
        "name": "Kamień Łowicki",
        "railway": "halt"
      },
      "geometry": {
        "type": "Point",
        "coordinates": [
          19.753151,
          51.9887032
        ]
      },
      "id": "node/3433334414"
    },
    {
      "type": "Feature",
      "properties": {
        "@id": "node/3434245192",
        "name": "Zgierz Kontrewers",
        "network": "PKP Polskie Linie Kolejowe",
        "note": "Przystanek osobowy i mijanka",
        "old_name": "Jedlicze Łódzkie",
        "operator": "PKP Polskie Linie Kolejowe",
        "operator:short": "PKP PLK",
        "public_transport": "station",
        "railway": "station",
        "railway:ref": "ZgK",
        "train": "yes",
        "wikidata": "Q653460",
        "wikipedia": "pl:Zgierz Kontrewers"
      },
      "geometry": {
        "type": "Point",
        "coordinates": [
          19.340321,
          51.8648041
        ]
      },
      "id": "node/3434245192"
    },
    {
      "type": "Feature",
      "properties": {
        "@id": "node/3434307866",
        "name": "Ozorków Nowe Miasto",
        "operator": "PKP Polskie Linie Kolejowe",
        "operator:short": "PKP PLK",
        "public_transport": "station",
        "railway": "halt",
        "train": "yes",
        "wikidata": "Q16585054",
        "wikipedia": "pl:Ozorków Nowe Miasto"
      },
      "geometry": {
        "type": "Point",
        "coordinates": [
          19.2696017,
          51.9589027
        ]
      },
      "id": "node/3434307866"
    },
    {
      "type": "Feature",
      "properties": {
        "@id": "node/3434316809",
        "name": "Sierpów",
        "operator": "PKP Polskie Linie Kolejowe",
        "operator:short": "PKP PLK",
        "public_transport": "station",
        "railway": "halt",
        "train": "yes",
        "wikidata": "Q1882162",
        "wikipedia": "pl:Sierpów (przystanek kolejowy)"
      },
      "geometry": {
        "type": "Point",
        "coordinates": [
          19.2227427,
          52.0182413
        ]
      },
      "id": "node/3434316809"
    },
    {
      "type": "Feature",
      "properties": {
        "@id": "node/3440671925",
        "name": "Skrzynki",
        "name:ru": "Скшинки",
        "name:uk": "Скшинкі",
        "network": "PKP Polskie Linie Kolejowe",
        "old_name": "Ujazd",
        "operator": "PKP Polskie Linie Kolejowe",
        "operator:short": "PKP PLK",
        "public_transport": "station",
        "railway": "station",
        "railway:ref": "Sk",
        "wikidata": "Q2688020",
        "wikipedia": "pl:Skrzynki (stacja kolejowa)"
      },
      "geometry": {
        "type": "Point",
        "coordinates": [
          19.9669659,
          51.6021945
        ]
      },
      "id": "node/3440671925"
    },
    {
      "type": "Feature",
      "properties": {
        "@id": "node/3440709011",
        "name": "Jeleń",
        "name:ru": "Железнодорожная станция Елень",
        "name:uk": "Залізнична станція Єлень",
        "operator": "PKP Polskie Linie Kolejowe",
        "operator:short": "PKP PLK",
        "public_transport": "station",
        "railway": "station",
        "railway:ref": "Jl",
        "survey:date": "2022-02-08",
        "wikidata": "Q2619283",
        "wikipedia": "pl:Jeleń (stacja kolejowa)"
      },
      "geometry": {
        "type": "Point",
        "coordinates": [
          20.0729897,
          51.5020459
        ]
      },
      "id": "node/3440709011"
    },
    {
      "type": "Feature",
      "properties": {
        "@id": "node/3440713740",
        "name": "Bratków",
        "name:fr": "Bratków",
        "name:ru": "Браткув",
        "name:uk": "Браткув",
        "operator": "PKP Polskie Linie Kolejowe",
        "operator:short": "PKP PLK",
        "public_transport": "station",
        "railway": "station",
        "railway:ref": "Bt",
        "wikidata": "Q2145001",
        "wikipedia": "pl:Bratków (stacja kolejowa)"
      },
      "geometry": {
        "type": "Point",
        "coordinates": [
          20.1149966,
          51.4553655
        ]
      },
      "id": "node/3440713740"
    },
    {
      "type": "Feature",
      "properties": {
        "@id": "node/3440817438",
        "name": "Końskie",
        "name:ru": "Коньске",
        "name:uk": "Конське",
        "old_name": "Konsk",
        "operator": "PKP Polskie Linie Kolejowe",
        "operator:short": "PKP PLK",
        "public_transport": "station",
        "railway": "station",
        "railway:ref": "Kn",
        "start_date": "1885",
        "train": "yes",
        "wikidata": "Q2924208",
        "wikipedia": "pl:Końskie (stacja kolejowa)"
      },
      "geometry": {
        "type": "Point",
        "coordinates": [
          20.422849,
          51.1902037
        ]
      },
      "id": "node/3440817438"
    },
    {
      "type": "Feature",
      "properties": {
        "@id": "node/3440840248",
        "historic:railway": "station",
        "name": "Czarniecka Góra",
        "operator": "PKP Polskie Linie Kolejowe",
        "operator:short": "PKP PLK",
        "railway": "halt",
        "start_date": "1927",
        "wikidata": "Q4616420",
        "wikipedia": "pl:Czarniecka Góra (przystanek kolejowy)"
      },
      "geometry": {
        "type": "Point",
        "coordinates": [
          20.518553,
          51.1436799
        ]
      },
      "id": "node/3440840248"
    },
    {
      "type": "Feature",
      "properties": {
        "@id": "node/3455523757",
        "name": "Grodzisk Mazowiecki",
        "name:pl": "Grodzisk Mazowiecki",
        "name:ru": "Гродзиск-Мазовецкий",
        "name:uk": "Гродзіск-Мазовецкий",
        "network": "Koleje Mazowieckie;PKP Intercity;Polregio",
        "network:short": "KM;IC;PR",
        "operator": "PKP Polskie Linie Kolejowe",
        "operator:short": "PKP PLK",
        "public_transport": "station",
        "railway": "station",
        "railway:ref": "Gr",
        "railway:ref:DB": "XPGM",
        "train": "yes",
        "wheelchair": "yes",
        "wikidata": "Q2673866",
        "wikipedia": "pl:Grodzisk Mazowiecki (stacja kolejowa)"
      },
      "geometry": {
        "type": "Point",
        "coordinates": [
          20.6234643,
          52.1103954
        ]
      },
      "id": "node/3455523757"
    },
    {
      "type": "Feature",
      "properties": {
        "@id": "node/3455528913",
        "name": "Żyrardów",
        "name:pl": "Żyrardów",
        "name:ru": "Жирардув",
        "name:uk": "Жирардув",
        "network": "PKP Intercity;Koleje Mazowieckie",
        "network:short": "IC;KM",
        "operator": "PKP Polskie Linie Kolejowe",
        "operator:short": "PKP PLK",
        "public_transport": "station",
        "railway": "station",
        "railway:ref": "Żr",
        "railway:ref:DB": "XPZR",
        "wikidata": "Q2043493",
        "wikipedia": "pl:Żyrardów (stacja kolejowa)"
      },
      "geometry": {
        "type": "Point",
        "coordinates": [
          20.4489804,
          52.0524632
        ]
      },
      "id": "node/3455528913"
    },
    {
      "type": "Feature",
      "properties": {
        "@id": "node/3455554928",
        "name": "Skierniewice",
        "name:pl": "Skierniewice",
        "name:ru": "Скерневице",
        "name:uk": "Скерневиці",
        "network": "Łódzka Kolej Aglomeracyjna;Koleje Mazowieckie;Polregio;PKP Intercity",
        "network:short": "ŁKA;KM;PR;IC",
        "official_name": "Skierniewice Osobowa",
        "operator": "PKP Polskie Linie Kolejowe",
        "operator:short": "PKP PLK",
        "public_transport": "station",
        "railway": "station",
        "railway:ref": "Sk",
        "railway:ref:DB": "XPSW",
        "wheelchair": "yes",
        "wikidata": "Q4438265",
        "wikipedia": "pl:Skierniewice (stacja kolejowa)"
      },
      "geometry": {
        "type": "Point",
        "coordinates": [
          20.151435,
          51.9676192
        ]
      },
      "id": "node/3455554928"
    },
    {
      "type": "Feature",
      "properties": {
        "@id": "node/3455626075",
        "name": "Radomsko",
        "name:ru": "Радомско",
        "name:uk": "Радомско",
        "operator": "PKP Polskie Linie Kolejowe",
        "operator:short": "PKP PLK",
        "public_transport": "station",
        "railway": "station",
        "railway:ref": "Rd",
        "railway:ref:DB": "XPRM",
        "wikidata": "Q2341427",
        "wikipedia": "pl:Radomsko (stacja kolejowa)"
      },
      "geometry": {
        "type": "Point",
        "coordinates": [
          19.4376128,
          51.0745339
        ]
      },
      "id": "node/3455626075"
    },
    {
      "type": "Feature",
      "properties": {
        "@id": "node/3455641806",
        "name": "Kłomnice",
        "name:ru": "Кломнице",
        "name:uk": "Кломнице",
        "operator": "PKP Polskie Linie Kolejowe",
        "operator:short": "PKP PLK",
        "public_transport": "station",
        "railway": "station",
        "railway:ref": "Kł",
        "wikidata": "Q2863595",
        "wikipedia": "pl:Kłomnice (stacja kolejowa)"
      },
      "geometry": {
        "type": "Point",
        "coordinates": [
          19.3414573,
          50.9159863
        ]
      },
      "id": "node/3455641806"
    },
    {
      "type": "Feature",
      "properties": {
        "@id": "node/3455672306",
        "internet_access": "wlan",
        "internet_access:fee": "no",
        "name": "Częstochowa",
        "name:ru": "Ченстохова",
        "name:uk": "Ченстохова",
        "official_name": "Częstochowa Osobowa",
        "operator": "PKP Polskie Linie Kolejowe",
        "operator:short": "PKP PLK",
        "public_transport": "station",
        "railway": "station",
        "railway:ref": "CO",
        "railway:ref:DB": "XPC",
        "train": "yes",
        "uic_name": "Czestochowa",
        "uic_ref": "5100007",
        "wheelchair": "yes",
        "wikidata": "Q3283746",
        "wikipedia": "pl:Częstochowa (stacja kolejowa)"
      },
      "geometry": {
        "type": "Point",
        "coordinates": [
          19.1209688,
          50.8084279
        ]
      },
      "id": "node/3455672306"
    },
    {
      "type": "Feature",
      "properties": {
        "@id": "node/3455675995",
        "name": "Korwinów",
        "operator": "PKP Polskie Linie Kolejowe",
        "operator:short": "PKP PLK",
        "public_transport": "station",
        "railway": "halt",
        "train": "yes",
        "uic_name": "Korwinow",
        "uic_ref": "5101868",
        "wikidata": "Q2467368",
        "wikipedia": "pl:Korwinów (przystanek kolejowy)"
      },
      "geometry": {
        "type": "Point",
        "coordinates": [
          19.1766763,
          50.7382804
        ]
      },
      "id": "node/3455675995"
    },
    {
      "type": "Feature",
      "properties": {
        "@id": "node/3456911564",
        "name": "Błonie",
        "name:ru": "Блоне",
        "name:uk": "Блонє",
        "operator": "PKP Polskie Linie Kolejowe",
        "operator:short": "PKP PLK",
        "public_transport": "station",
        "railway": "station",
        "railway:ref": "Bł",
        "wikidata": "Q2373039",
        "wikipedia": "pl:Błonie (stacja kolejowa)"
      },
      "geometry": {
        "type": "Point",
        "coordinates": [
          20.6074023,
          52.1865234
        ]
      },
      "id": "node/3456911564"
    },
    {
      "type": "Feature",
      "properties": {
        "@id": "node/3456935411",
        "name": "Kutno",
        "name:ru": "Кутно",
        "name:uk": "Кутно",
        "network": "Łódzka Kolej Aglomeracyjna;Koleje Mazowieckie;Koleje Wielkopolskie;PKP Intercity;Polregio",
        "network:short": "ŁKA;KM;PKM;IC;PR",
        "operator": "PKP Polskie Linie Kolejowe",
        "operator:short": "PKP PLK",
        "public_transport": "station",
        "railway": "station",
        "railway:ref": "Kt",
        "railway:ref:DB": "XPKT",
        "uic_ref": "5100032",
        "url": "https://fotopolska.eu/52209,obiekt.html?map_z=17",
        "wikidata": "Q6448510",
        "wikipedia": "pl:Kutno (stacja kolejowa)"
      },
      "geometry": {
        "type": "Point",
        "coordinates": [
          19.348144,
          52.2270939
        ]
      },
      "id": "node/3456935411"
    },
    {
      "type": "Feature",
      "properties": {
        "@id": "node/3457936668",
        "name": "Miąsowa",
        "name:ru": "Мёнсова",
        "name:uk": "Міонсова",
        "public_transport": "station",
        "railway": "station",
        "train": "yes"
      },
      "geometry": {
        "type": "Point",
        "coordinates": [
          20.3651331,
          50.7194055
        ]
      },
      "id": "node/3457936668"
    },
    {
      "type": "Feature",
      "properties": {
        "@id": "node/3458286157",
        "name": "Sierakowice Skierniewickie",
        "network": "Łódzka Kolej Aglomeracyjna",
        "network:short": "ŁKA",
        "operator": "PKP Polskie Linie Kolejowe",
        "operator:short": "PKP PLK",
        "public_transport": "station",
        "railway": "halt",
        "train": "yes",
        "wikidata": "Q2398045",
        "wikipedia": "pl:Sierakowice Skierniewickie"
      },
      "geometry": {
        "type": "Point",
        "coordinates": [
          20.061646,
          51.9986723
        ]
      },
      "id": "node/3458286157"
    },
    {
      "type": "Feature",
      "properties": {
        "@id": "node/3458306888",
        "name": "Bełchów",
        "name:ru": "Белхув",
        "name:uk": "Белхув",
        "network": "Łódzka Kolej Aglomeracyjna",
        "network:short": "ŁKA",
        "old_name": "Nieborów",
        "operator": "PKP Polskie Linie Kolejowe",
        "operator:short": "PKP PLK",
        "public_transport": "station",
        "railway": "station",
        "railway:ref": "Bł",
        "wikidata": "Q2187885",
        "wikipedia": "pl:Bełchów (stacja kolejowa)"
      },
      "geometry": {
        "type": "Point",
        "coordinates": [
          20.0329903,
          52.0267688
        ]
      },
      "id": "node/3458306888"
    },
    {
      "type": "Feature",
      "properties": {
        "@id": "node/3459062082",
        "name": "Opatówek",
        "name:de": "Spatenfelde",
        "name:ru": "Опатувек",
        "name:uk": "Опатувек",
        "operator": "PKP Polskie Linie Kolejowe",
        "operator:short": "PKP PLK",
        "platforms": "2",
        "public_transport": "station",
        "railway": "station",
        "railway:ref": "Op",
        "wikidata": "Q1995335",
        "wikipedia": "pl:Opatówek (stacja kolejowa)"
      },
      "geometry": {
        "type": "Point",
        "coordinates": [
          18.2274685,
          51.7433692
        ]
      },
      "id": "node/3459062082"
    },
    {
      "type": "Feature",
      "properties": {
        "@id": "node/3459063306",
        "historic:railway": "station",
        "historic:ref": "Wn",
        "name": "Kalisz Winiary",
        "name:de": "Kalisch Weinbergen",
        "operator": "PKP Polskie Linie Kolejowe",
        "operator:short": "PKP PLK",
        "public_transport": "station",
        "railway": "halt",
        "train": "yes",
        "wikidata": "Q2778628",
        "wikipedia": "pl:Kalisz Winiary"
      },
      "geometry": {
        "type": "Point",
        "coordinates": [
          18.1413193,
          51.7334923
        ]
      },
      "id": "node/3459063306"
    },
    {
      "type": "Feature",
      "properties": {
        "@id": "node/3459064660",
        "name": "Kalisz",
        "name:de": "Kalisch",
        "name:lt": "Kališas",
        "name:pl": "Kalisz",
        "name:ru": "Калиш",
        "name:uk": "Каліш",
        "operator": "PKP Polskie Linie Kolejowe",
        "operator:short": "PKP PLK",
        "platforms": "2",
        "public_transport": "station",
        "railway": "station",
        "railway:ref": "Kl",
        "railway:ref:DB": "XPKL",
        "wheelchair": "yes",
        "wikidata": "Q729516",
        "wikipedia": "pl:Kalisz (stacja kolejowa)"
      },
      "geometry": {
        "type": "Point",
        "coordinates": [
          18.0713653,
          51.742827
        ]
      },
      "id": "node/3459064660"
    },
    {
      "type": "Feature",
      "properties": {
        "@id": "node/3459181765",
        "name": "Domaniewice",
        "name:ru": "Доманевице",
        "name:uk": "Доманевіце",
        "network": "PKP Polskie Linie Kolejowe",
        "public_transport": "station",
        "railway": "station",
        "railway:ref": "Dm",
        "wikidata": "Q2612162",
        "wikipedia": "pl:Domaniewice (stacja kolejowa)"
      },
      "geometry": {
        "type": "Point",
        "coordinates": [
          19.8210551,
          52.02057
        ]
      },
      "id": "node/3459181765"
    },
    {
      "type": "Feature",
      "properties": {
        "@id": "node/3483644246",
        "name": "Kielce Herbskie",
        "name:ru": "Кельце Гербске",
        "name:uk": "Кельце Гербське",
        "operator": "PKP Polskie Linie Kolejowe",
        "operator:short": "PKP PLK",
        "public_transport": "station",
        "railway": "station",
        "railway:ref": "KH",
        "wikidata": "Q2480911",
        "wikipedia": "pl:Kielce Herbskie"
      },
      "geometry": {
        "type": "Point",
        "coordinates": [
          20.6024161,
          50.8859058
        ]
      },
      "id": "node/3483644246"
    },
    {
      "type": "Feature",
      "properties": {
        "@id": "node/3483680603",
        "name": "Kielce Ślichowice",
        "operator": "PKP Polskie Linie Kolejowe",
        "operator:short": "PKP PLK",
        "public_transport": "station",
        "railway": "halt",
        "train": "yes",
        "wikidata": "Q2752755",
        "wikipedia": "pl:Kielce Ślichowice"
      },
      "geometry": {
        "type": "Point",
        "coordinates": [
          20.5838753,
          50.8888087
        ]
      },
      "id": "node/3483680603"
    },
    {
      "type": "Feature",
      "properties": {
        "@id": "node/3483769435",
        "name": "Piekoszów Łaziska",
        "operator": "PKP Polskie Linie Kolejowe",
        "operator:short": "PKP PLK",
        "public_transport": "station",
        "railway": "halt",
        "wikidata": "Q1875622",
        "wikipedia": "pl:Piekoszów Łaziska"
      },
      "geometry": {
        "type": "Point",
        "coordinates": [
          20.4472785,
          50.8706715
        ]
      },
      "id": "node/3483769435"
    },
    {
      "type": "Feature",
      "properties": {
        "@id": "node/3483820507",
        "name": "Rykoszyn",
        "name:ru": "Рыкошин",
        "name:uk": "Рикошин",
        "operator": "PKP Polskie Linie Kolejowe",
        "operator:short": "PKP PLK",
        "public_transport": "station",
        "railway": "station",
        "railway:ref": "Rk",
        "wikidata": "Q2585398",
        "wikipedia": "pl:Rykoszyn (stacja kolejowa)"
      },
      "geometry": {
        "type": "Point",
        "coordinates": [
          20.3788822,
          50.8681814
        ]
      },
      "id": "node/3483820507"
    },
    {
      "type": "Feature",
      "properties": {
        "@id": "node/3483853553",
        "name": "Wierna Rzeka",
        "operator": "PKP Polskie Linie Kolejowe",
        "operator:short": "PKP PLK",
        "public_transport": "station",
        "railway": "halt",
        "train": "yes",
        "wikidata": "Q2261605",
        "wikipedia": "pl:Wierna Rzeka (przystanek kolejowy)"
      },
      "geometry": {
        "type": "Point",
        "coordinates": [
          20.3126263,
          50.8650094
        ]
      },
      "id": "node/3483853553"
    },
    {
      "type": "Feature",
      "properties": {
        "@id": "node/3484244101",
        "name": "Małogoszcz",
        "name:ru": "Малогощ",
        "name:uk": "Малогощ",
        "operator": "PKP Polskie Linie Kolejowe",
        "operator:short": "PKP PLK",
        "public_transport": "station",
        "railway": "station",
        "railway:ref": "Mł",
        "wikidata": "Q4637524",
        "wikipedia": "pl:Małogoszcz (stacja kolejowa)"
      },
      "geometry": {
        "type": "Point",
        "coordinates": [
          20.272798,
          50.8502132
        ]
      },
      "id": "node/3484244101"
    },
    {
      "type": "Feature",
      "properties": {
        "@id": "node/3484492559",
        "name": "Bukowa",
        "operator": "PKP Polskie Linie Kolejowe",
        "operator:short": "PKP PLK",
        "public_transport": "station",
        "railway": "halt",
        "train": "yes",
        "wikidata": "Q1924243",
        "wikipedia": "pl:Bukowa (przystanek kolejowy)"
      },
      "geometry": {
        "type": "Point",
        "coordinates": [
          20.2010092,
          50.8593531
        ]
      },
      "id": "node/3484492559"
    },
    {
      "type": "Feature",
      "properties": {
        "@id": "node/3484546880",
        "name": "Ludynia",
        "name:ru": "Людыня",
        "name:uk": "Людиня",
        "operator": "PKP Polskie Linie Kolejowe",
        "operator:short": "PKP PLK",
        "public_transport": "station",
        "railway": "station",
        "railway:ref": "Ld",
        "wikidata": "Q2415496",
        "wikipedia": "pl:Ludynia (stacja kolejowa)"
      },
      "geometry": {
        "type": "Point",
        "coordinates": [
          20.1626707,
          50.8518711
        ]
      },
      "id": "node/3484546880"
    },
    {
      "type": "Feature",
      "properties": {
        "@id": "node/3484562162",
        "name": "Ludynia Dwór",
        "operator": "PKP Polskie Linie Kolejowe",
        "operator:short": "PKP PLK",
        "public_transport": "station",
        "railway": "halt",
        "train": "yes",
        "wikidata": "Q2415496",
        "wikipedia": "pl:Ludynia (stacja kolejowa)"
      },
      "geometry": {
        "type": "Point",
        "coordinates": [
          20.1141411,
          50.8474283
        ]
      },
      "id": "node/3484562162"
    },
    {
      "type": "Feature",
      "properties": {
        "@id": "node/3484686486",
        "name": "Włoszczowa",
        "name:ru": "Влощова",
        "name:uk": "Влощова",
        "operator": "PKP Polskie Linie Kolejowe",
        "operator:short": "PKP PLK",
        "public_transport": "station",
        "railway": "station",
        "railway:ref": "Wł",
        "railway:ref:DB": "XPWLA",
        "wikidata": "Q5016727",
        "wikipedia": "pl:Włoszczowa (stacja kolejowa)"
      },
      "geometry": {
        "type": "Point",
        "coordinates": [
          20.0145481,
          50.8377903
        ]
      },
      "id": "node/3484686486"
    },
    {
      "type": "Feature",
      "properties": {
        "@id": "node/3484762106",
        "name": "Czarnca",
        "operator": "PKP Polskie Linie Kolejowe",
        "operator:short": "PKP PLK",
        "public_transport": "station",
        "railway": "halt",
        "railway:ref": "Cz",
        "train": "yes",
        "wikidata": "Q729589",
        "wikipedia": "pl:Czarnca (przystanek kolejowy)"
      },
      "geometry": {
        "type": "Point",
        "coordinates": [
          19.9446978,
          50.8238886
        ]
      },
      "id": "node/3484762106"
    },
    {
      "type": "Feature",
      "properties": {
        "@id": "node/3484796157",
        "name": "Żelisławice",
        "name:ru": "Желиславице",
        "name:uk": "Желіславіце",
        "operator": "PKP Polskie Linie Kolejowe",
        "operator:short": "PKP PLK",
        "public_transport": "station",
        "railway": "station",
        "railway:ref": "Żl",
        "wikidata": "Q1819301",
        "wikipedia": "pl:Żelisławice (stacja kolejowa)"
      },
      "geometry": {
        "type": "Point",
        "coordinates": [
          19.858556,
          50.8038128
        ]
      },
      "id": "node/3484796157"
    },
    {
      "type": "Feature",
      "properties": {
        "@id": "node/3486037112",
        "name": "Kusięta Nowe",
        "operator": "PKP Polskie Linie Kolejowe",
        "operator:short": "PKP PLK",
        "public_transport": "station",
        "railway": "halt",
        "train": "yes",
        "wikidata": "Q2732279",
        "wikipedia": "pl:Kusięta Nowe"
      },
      "geometry": {
        "type": "Point",
        "coordinates": [
          19.2615646,
          50.7778813
        ]
      },
      "id": "node/3486037112"
    },
    {
      "type": "Feature",
      "properties": {
        "@id": "node/3517306981",
        "name": "Brzeziny",
        "operator": "Polskie Koleje Państwowe S.A.",
        "public_transport": "station",
        "railway": "halt",
        "railway:ref": "Bz",
        "train": "yes",
        "wikidata": "Q5133036",
        "wikipedia": "pl:Brzeziny (przystanek kolejowy)"
      },
      "geometry": {
        "type": "Point",
        "coordinates": [
          20.5668635,
          50.7759316
        ]
      },
      "id": "node/3517306981"
    },
    {
      "type": "Feature",
      "properties": {
        "@id": "node/3517307423",
        "name": "Nida",
        "operator": "PKP Polskie Linie Kolejowe",
        "operator:short": "PKP PLK",
        "railway": "station",
        "railway:ref": "Na",
        "wikidata": "Q2079270",
        "wikipedia": "pl:Nida (stacja kolejowa)"
      },
      "geometry": {
        "type": "Point",
        "coordinates": [
          20.5785811,
          50.7601582
        ]
      },
      "id": "node/3517307423"
    },
    {
      "type": "Feature",
      "properties": {
        "@id": "node/3517360589",
        "name": "Dębska Wola",
        "operator": "PKP Polskie Linie Kolejowe",
        "operator:short": "PKP PLK",
        "public_transport": "station",
        "railway": "halt",
        "train": "yes",
        "wikidata": "Q2039076",
        "wikipedia": "pl:Dębska Wola (przystanek kolejowy)"
      },
      "geometry": {
        "type": "Point",
        "coordinates": [
          20.5975804,
          50.7017493
        ]
      },
      "id": "node/3517360589"
    },
    {
      "type": "Feature",
      "properties": {
        "@id": "node/3649134453",
        "addr:city": "Piotrków Kujawski",
        "addr:housenumber": "35",
        "addr:postcode": "88-230",
        "addr:street": "Dworcowa",
        "name": "Piotrków Kujawski",
        "name:ru": "Пётркув Куявски",
        "name:uk": "Пйотркув Куявські",
        "operator": "PKP Polskie Linie Kolejowe",
        "operator:short": "PKP PLK",
        "public_transport": "station",
        "railway": "station",
        "railway:ref:DB": "XPPKJ",
        "train": "yes"
      },
      "geometry": {
        "type": "Point",
        "coordinates": [
          18.5194706,
          52.5377739
        ]
      },
      "id": "node/3649134453"
    },
    {
      "type": "Feature",
      "properties": {
        "@id": "node/3693106986",
        "name": "Domaniewice Centrum",
        "name:ru": "Доманевице Центр",
        "name:uk": "Доманевіце Центр",
        "platforms": "1",
        "public_transport": "station",
        "railway": "halt",
        "train": "yes"
      },
      "geometry": {
        "type": "Point",
        "coordinates": [
          19.7918957,
          52.0119116
        ]
      },
      "id": "node/3693106986"
    },
    {
      "type": "Feature",
      "properties": {
        "@id": "node/3702957565",
        "name": "Kochcice-Glinica",
        "note": "Przystanek osobowy i posterunek odstępowy",
        "operator": "PKP Polskie Linie Kolejowe",
        "operator:short": "PKP PLK",
        "public_transport": "station",
        "railway": "halt",
        "railway:ref": "KG",
        "start_date": "2020-12-13",
        "wikidata": "Q65160940",
        "wikipedia": "pl:Kochcice-Glinica"
      },
      "geometry": {
        "type": "Point",
        "coordinates": [
          18.6576456,
          50.7137867
        ]
      },
      "id": "node/3702957565"
    },
    {
      "type": "Feature",
      "properties": {
        "@id": "node/3713581357",
        "name": "Stary Cykarzew",
        "operator": "PKP Polskie Linie Kolejowe",
        "operator:short": "PKP PLK",
        "public_transport": "station",
        "railway": "halt",
        "train": "yes",
        "wikidata": "Q2702231",
        "wikipedia": "pl:Stary Cykarzew (przystanek kolejowy)"
      },
      "geometry": {
        "type": "Point",
        "coordinates": [
          19.169862,
          50.9521102
        ]
      },
      "id": "node/3713581357"
    },
    {
      "type": "Feature",
      "properties": {
        "@id": "node/3713698511",
        "historic:railway": "station",
        "name": "Nowa Brzeźnica",
        "operator": "PKP Polskie Linie Kolejowe",
        "operator:short": "PKP PLK",
        "public_transport": "station",
        "railway": "halt",
        "railway:ref": "Bza",
        "railway:yard:hump": "no",
        "railway:yard:purpose": "automobile;bypass",
        "railway:yard:size": "small",
        "train": "yes",
        "wikidata": "Q2703527",
        "wikipedia": "pl:Brzeźnica nad Wartą"
      },
      "geometry": {
        "type": "Point",
        "coordinates": [
          19.1467025,
          51.0755397
        ]
      },
      "id": "node/3713698511"
    },
    {
      "type": "Feature",
      "properties": {
        "@id": "node/3713705245",
        "historic:railway": "station",
        "name": "Dubidze Kolonia",
        "operator": "PKP Polskie Linie Kolejowe",
        "operator:short": "PKP PLK",
        "public_transport": "station",
        "railway": "halt",
        "train": "yes",
        "wikidata": "Q1945860",
        "wikipedia": "pl:Pieńki Dubidzkie (przystanek kolejowy)"
      },
      "geometry": {
        "type": "Point",
        "coordinates": [
          19.1306893,
          51.1156263
        ]
      },
      "id": "node/3713705245"
    },
    {
      "type": "Feature",
      "properties": {
        "@id": "node/3713708312",
        "name": "Dubidze",
        "operator": "PKP Polskie Linie Kolejowe",
        "operator:short": "PKP PLK",
        "public_transport": "station",
        "railway": "halt",
        "train": "yes",
        "wikidata": "Q2481387",
        "wikipedia": "pl:Dubidze (przystanek kolejowy)"
      },
      "geometry": {
        "type": "Point",
        "coordinates": [
          19.1430759,
          51.1025147
        ]
      },
      "id": "node/3713708312"
    },
    {
      "type": "Feature",
      "properties": {
        "@id": "node/3728215842",
        "name": "Rawa Mazowiecka",
        "name:ru": "Рава Мазовецька",
        "name:uk": "Рава Мазовецька",
        "railway": "station"
      },
      "geometry": {
        "type": "Point",
        "coordinates": [
          20.2457314,
          51.766738
        ]
      },
      "id": "node/3728215842"
    },
    {
      "type": "Feature",
      "properties": {
        "@id": "node/3737196525",
        "name": "Grodzisk Mazowiecki Okrężna",
        "network": "Warszawska Kolej Dojazdowa",
        "network:short": "WKD",
        "operator": "Warszawska Kolej Dojazdowa",
        "operator:short": "WKD",
        "public_transport": "station",
        "railway": "halt",
        "wikidata": "Q2026431",
        "wikipedia": "pl:Grodzisk Mazowiecki Okrężna"
      },
      "geometry": {
        "type": "Point",
        "coordinates": [
          20.6595599,
          52.1007055
        ]
      },
      "id": "node/3737196525"
    },
    {
      "type": "Feature",
      "properties": {
        "@id": "node/3737196526",
        "name": "Brzózki",
        "network": "Warszawska Kolej Dojazdowa",
        "network:short": "WKD",
        "operator": "Warszawska Kolej Dojazdowa",
        "operator:short": "WKD",
        "public_transport": "station",
        "railway": "halt",
        "wikidata": "Q2102060",
        "wikipedia": "pl:Brzózki (przystanek kolejowy)"
      },
      "geometry": {
        "type": "Point",
        "coordinates": [
          20.6782971,
          52.1050312
        ]
      },
      "id": "node/3737196526"
    },
    {
      "type": "Feature",
      "properties": {
        "@id": "node/3737196527",
        "name": "Grodzisk Mazowiecki Piaskowa",
        "network": "Warszawska Kolej Dojazdowa",
        "network:short": "WKD",
        "operator": "Warszawska Kolej Dojazdowa",
        "operator:short": "WKD",
        "public_transport": "station",
        "railway": "halt",
        "train": "yes",
        "wikidata": "Q2768204",
        "wikipedia": "pl:Grodzisk Mazowiecki Piaskowa"
      },
      "geometry": {
        "type": "Point",
        "coordinates": [
          20.65107,
          52.1027598
        ]
      },
      "id": "node/3737196527"
    },
    {
      "type": "Feature",
      "properties": {
        "@id": "node/3737196528",
        "name": "Grodzisk Mazowiecki Jordanowice",
        "network": "Warszawska Kolej Dojazdowa",
        "network:short": "WKD",
        "operator": "Warszawska Kolej Dojazdowa",
        "operator:short": "WKD",
        "public_transport": "station",
        "railway": "halt",
        "train": "yes",
        "wikidata": "Q2778899",
        "wikipedia": "pl:Grodzisk Mazowiecki Jordanowice"
      },
      "geometry": {
        "type": "Point",
        "coordinates": [
          20.6367844,
          52.103324
        ]
      },
      "id": "node/3737196528"
    },
    {
      "type": "Feature",
      "properties": {
        "@id": "node/3754848436",
        "name": "Jaworzno koło Wielunia",
        "operator": "PKP Polskie Linie Kolejowe",
        "operator:short": "PKP PLK",
        "public_transport": "station",
        "railway": "halt",
        "train": "yes",
        "wikidata": "Q2639844",
        "wikipedia": "pl:Jaworzno koło Wielunia"
      },
      "geometry": {
        "type": "Point",
        "coordinates": [
          18.6532697,
          51.0145545
        ]
      },
      "id": "node/3754848436"
    },
    {
      "type": "Feature",
      "properties": {
        "@id": "node/3754991701",
        "name": "Wieluń Dąbrowa",
        "name:ru": "Велунь Донброва",
        "name:uk": "Вєлунь Домброва",
        "operator": "PKP Polskie Linie Kolejowe",
        "operator:short": "PKP PLK",
        "public_transport": "station",
        "railway": "station",
        "railway:ref": "WD",
        "wheelchair": "yes",
        "wikidata": "Q9373159",
        "wikipedia": "pl:Wieluń Dąbrowa"
      },
      "geometry": {
        "type": "Point",
        "coordinates": [
          18.5502063,
          51.2396362
        ]
      },
      "id": "node/3754991701"
    },
    {
      "type": "Feature",
      "properties": {
        "@id": "node/3931878301",
        "historic:railway": "station",
        "name": "Procyń",
        "railway": "halt"
      },
      "geometry": {
        "type": "Point",
        "coordinates": [
          18.0210583,
          52.5667233
        ]
      },
      "id": "node/3931878301"
    },
    {
      "type": "Feature",
      "properties": {
        "@id": "node/3931920563",
        "historic:railway": "station",
        "name": "Różanna",
        "railway": "halt"
      },
      "geometry": {
        "type": "Point",
        "coordinates": [
          18.0134852,
          52.5407088
        ]
      },
      "id": "node/3931920563"
    },
    {
      "type": "Feature",
      "properties": {
        "@id": "node/3964161529",
        "name": "Biskupice koło Kluczborka",
        "old_name:de": "Schönwlad (Oberschl)",
        "public_transport": "station",
        "railway": "halt",
        "train": "yes",
        "wikidata": "Q2455113",
        "wikipedia": "pl:Biskupice koło Kluczborka"
      },
      "geometry": {
        "type": "Point",
        "coordinates": [
          18.2102992,
          51.0711546
        ]
      },
      "id": "node/3964161529"
    },
    {
      "type": "Feature",
      "properties": {
        "@id": "node/4154073847",
        "name": "Łódź Niciarniana",
        "operator": "PKP Polskie Linie Kolejowe",
        "operator:short": "PKP PLK",
        "public_transport": "station",
        "railway": "halt",
        "train": "yes",
        "wikidata": "Q2953918",
        "wikipedia": "pl:Łódź Niciarniana"
      },
      "geometry": {
        "type": "Point",
        "coordinates": [
          19.5074366,
          51.7668148
        ]
      },
      "id": "node/4154073847"
    },
    {
      "type": "Feature",
      "properties": {
        "@id": "node/4176079485",
        "name": "Łódź Widzew",
        "name:ru": "Лодзь Видзев",
        "name:uk": "Лодзь Відзев",
        "network": "PKP Polskie Linie Kolejowe",
        "old_name:de:1943-1945": "Litzmannstadt-Ost",
        "operator": "PKP Polskie Linie Kolejowe",
        "operator:short": "PKP PLK",
        "public_transport": "station",
        "railway": "station",
        "railway:ref": "ŁW",
        "railway:ref:DB": "XPLW",
        "wheelchair": "yes",
        "wikidata": "Q1940317",
        "wikipedia": "pl:Łódź Widzew"
      },
      "geometry": {
        "type": "Point",
        "coordinates": [
          19.5438083,
          51.7631038
        ]
      },
      "id": "node/4176079485"
    },
    {
      "type": "Feature",
      "properties": {
        "@id": "node/4304797718",
        "email": "dworzec@uml.lodz.pl",
        "level": "-2",
        "name": "Łódź Fabryczna",
        "name:pl": "Łódź Fabryczna",
        "name:ru": "Лодзь Фабрычна",
        "name:uk": "Лодзь Фабрична",
        "network": "Łódzka Kolej Aglomeracyjna;Polregio;PKP Intercity",
        "network:short": "ŁKA;PR;IC",
        "operator": "PKP Polskie Linie Kolejowe",
        "operator:short": "PKP PLK",
        "platforms": "4",
        "public_transport": "station",
        "railway": "station",
        "railway:ref": "ŁF",
        "reg_name": "Dworzec Fabryczny",
        "toilets:wheelchair": "yes",
        "train": "yes",
        "url": "https://www.youtube.com/watch?v=v0Z0Y91mLEk",
        "website": "http://dworzec.lodz.pl/",
        "wheelchair": "yes",
        "wikidata": "Q801687",
        "wikipedia": "pl:Łódź Fabryczna"
      },
      "geometry": {
        "type": "Point",
        "coordinates": [
          19.4696108,
          51.7695535
        ]
      },
      "id": "node/4304797718"
    },
    {
      "type": "Feature",
      "properties": {
        "@id": "node/4427043684",
        "name": "Łódź Zarzew",
        "public_transport": "station",
        "railway": "halt",
        "train": "yes"
      },
      "geometry": {
        "type": "Point",
        "coordinates": [
          19.5132392,
          51.7517052
        ]
      },
      "id": "node/4427043684"
    },
    {
      "type": "Feature",
      "properties": {
        "@id": "node/4712859499",
        "name": "Babiak",
        "name:ru": "Бабяк",
        "name:uk": "Бабяк",
        "operator": "PKP Polskie Linie Kolejowe",
        "operator:short": "PKP PLK",
        "railway": "station"
      },
      "geometry": {
        "type": "Point",
        "coordinates": [
          18.6701836,
          52.353535
        ]
      },
      "id": "node/4712859499"
    },
    {
      "type": "Feature",
      "properties": {
        "@id": "node/7164421348",
        "name": "Pabianice",
        "name:ru": "Пабьянице",
        "name:uk": "Паб'яніце",
        "network": "PKP Polskie Linie Kolejowe",
        "operator": "PKP Polskie Linie Kolejowe",
        "operator:short": "PKP PLK",
        "public_transport": "station",
        "railway": "station",
        "railway:ref": "Pc",
        "uic_ref": "5100188",
        "wheelchair": "yes",
        "wikidata": "Q11802058",
        "wikipedia": "pl:Pabianice (stacja kolejowa)"
      },
      "geometry": {
        "type": "Point",
        "coordinates": [
          19.3249765,
          51.6609304
        ]
      },
      "id": "node/7164421348"
    },
    {
      "type": "Feature",
      "properties": {
        "@id": "node/7481986659",
        "historic:railway": "station",
        "name": "Cykarzew Północny",
        "operator": "PKP Polskie Linie Kolejowe",
        "operator:short": "PKP PLK",
        "public_transport": "station",
        "railway": "halt",
        "railway:ref": "Ck",
        "railway:yard:hump": "no",
        "railway:yard:purpose": "bypass",
        "railway:yard:size": "small",
        "train": "yes",
        "wikidata": "Q5162458",
        "wikipedia": "pl:Cykarzew (stacja kolejowa)"
      },
      "geometry": {
        "type": "Point",
        "coordinates": [
          19.1634686,
          50.9643927
        ]
      },
      "id": "node/7481986659"
    },
    {
      "type": "Feature",
      "properties": {
        "@id": "node/7555695061",
        "name": "Łódź Radogoszcz Wschód",
        "operator": "PKP Polskie Linie Kolejowe",
        "operator:short": "PKP PLK",
        "public_transport": "station",
        "railway": "halt",
        "train": "yes",
        "wheelchair": "yes",
        "wikidata": "Q60862946",
        "wikipedia": "pl:Łódź Radogoszcz Wschód"
      },
      "geometry": {
        "type": "Point",
        "coordinates": [
          19.4433824,
          51.8266567
        ]
      },
      "id": "node/7555695061"
    },
    {
      "type": "Feature",
      "properties": {
        "@id": "node/7555695062",
        "name": "Łódź Warszawska",
        "operator": "PKP Polskie Linie Kolejowe",
        "operator:short": "PKP PLK",
        "public_transport": "station",
        "railway": "halt",
        "start_date": "2021-06-13",
        "train": "yes",
        "wikidata": "Q48850020",
        "wikipedia": "pl:Łódź Warszawska"
      },
      "geometry": {
        "type": "Point",
        "coordinates": [
          19.47123,
          51.8080021
        ]
      },
      "id": "node/7555695062"
    },
    {
      "type": "Feature",
      "properties": {
        "@id": "node/7574816367",
        "name": "Łódź Retkinia",
        "operator": "PKP Polskie Linie Kolejowe",
        "operator:short": "PKP PLK",
        "public_transport": "station",
        "railway": "halt",
        "train": "yes",
        "wikidata": "Q60862948",
        "wikipedia": "pl:Łódź Retkinia"
      },
      "geometry": {
        "type": "Point",
        "coordinates": [
          19.40658,
          51.7403478
        ]
      },
      "id": "node/7574816367"
    },
    {
      "type": "Feature",
      "properties": {
        "@id": "node/8261972249",
        "name": "Kielce Słowik",
        "operator": "PKP Polskie Linie Kolejowe",
        "operator:short": "PKP PLK",
        "public_transport": "station",
        "railway": "halt",
        "train": "yes",
        "wikidata": "Q2314762",
        "wikipedia": "pl:Kielce Słowik"
      },
      "geometry": {
        "type": "Point",
        "coordinates": [
          20.538675,
          50.8335071
        ]
      },
      "id": "node/8261972249"
    },
    {
      "type": "Feature",
      "properties": {
        "@id": "node/8736125255",
        "name": "Zduńska Wola",
        "name:ru": "Здуньска Вола",
        "name:uk": "Здунська Вола",
        "operator": "PKP Polskie Linie Kolejowe",
        "operator:short": "PKP PLK",
        "public_transport": "station",
        "railway": "station",
        "railway:ref": "ZW",
        "railway:ref:DB": "XPZW",
        "wheelchair": "yes",
        "wikidata": "Q9389569",
        "wikipedia": "pl:Zduńska Wola (stacja kolejowa)"
      },
      "geometry": {
        "type": "Point",
        "coordinates": [
          18.9472078,
          51.6113628
        ]
      },
      "id": "node/8736125255"
    },
    {
      "type": "Feature",
      "properties": {
        "@id": "node/9597716672",
        "name": "Błonie Rokitno",
        "opening_date": "2023-09-03",
        "operator": "PKP Polskie Linie Kolejowe",
        "operator:short": "PKP PLK",
        "public_transport": "station",
        "railway": "halt",
        "train": "yes",
        "wikipedia": "pl:Rokitno (przystanek kolejowy w województwie mazowieckim)"
      },
      "geometry": {
        "type": "Point",
        "coordinates": [
          20.640072,
          52.1889771
        ]
      },
      "id": "node/9597716672"
    },
    {
      "type": "Feature",
      "properties": {
        "@id": "node/9794646827",
        "name": "Zgierz",
        "name:ru": "Згеж",
        "name:uk": "Зґеж",
        "network": "PKP Polskie Linie Kolejowe",
        "operator": "PKP Polskie Linie Kolejowe",
        "operator:short": "PKP PLK",
        "public_transport": "station",
        "railway": "station",
        "railway:ref": "Zg",
        "wikidata": "Q2436634",
        "wikipedia": "pl:Zgierz (stacja kolejowa)"
      },
      "geometry": {
        "type": "Point",
        "coordinates": [
          19.4257929,
          51.8494636
        ]
      },
      "id": "node/9794646827"
    },
    {
      "type": "Feature",
      "properties": {
        "@id": "node/10181173212",
        "name": "Opatówek Wąskotorowy",
        "name:de": "Spatenfelde Gaubahnhof",
        "operator": "Stowarzyszenie Kolejowych Przewozów Regionalnych",
        "public_transport": "station",
        "railway": "station"
      },
      "geometry": {
        "type": "Point",
        "coordinates": [
          18.2251231,
          51.7439327
        ]
      },
      "id": "node/10181173212"
    },
    {
      "type": "Feature",
      "properties": {
        "@id": "node/10186515423",
        "name": "Kalisz Szczypiorno",
        "operator": "PKP Polskie Linie Kolejowe",
        "operator:short": "PKP PLK",
        "public_transport": "station",
        "railway": "halt",
        "train": "yes",
        "wikidata": "Q2196791",
        "wikipedia": "pl:Kalisz Szczypiorno"
      },
      "geometry": {
        "type": "Point",
        "coordinates": [
          18.0272669,
          51.7259333
        ]
      },
      "id": "node/10186515423"
    },
    {
      "type": "Feature",
      "properties": {
        "@id": "node/10273652178",
        "name": "Koniecpol Centrum",
        "operator": "PKP Polskie Linie Kolejowe",
        "operator:short": "PKP PLK",
        "public_transport": "station",
        "railway": "halt",
        "train": "yes",
        "wikipedia": "pl:Koniecpol Centrum"
      },
      "geometry": {
        "type": "Point",
        "coordinates": [
          19.6726152,
          50.7774388
        ]
      },
      "id": "node/10273652178"
    },
    {
      "type": "Feature",
      "properties": {
        "@id": "node/10287421402",
        "name": "Tomaszówek",
        "operator": "PKP Polskie Linie Kolejowe",
        "operator:short": "PKP PLK",
        "railway": "halt",
        "start_date": "2022-12-13",
        "wikidata": "Q110459923",
        "wikipedia": "pl:Tomaszówek (przystanek kolejowy)"
      },
      "geometry": {
        "type": "Point",
        "coordinates": [
          20.1211791,
          51.4496348
        ]
      },
      "id": "node/10287421402"
    },
    {
      "type": "Feature",
      "properties": {
        "@id": "node/10704357538",
        "name": "Rząsawa",
        "note": "Mijanka i ładownia",
        "operator": "PKP Polskie Linie Kolejowe",
        "operator:short": "PKP PLK",
        "public_transport": "station",
        "railway": "halt",
        "railway:ref": "Rz",
        "train": "yes",
        "wikidata": "Q2892758",
        "wikipedia": "pl:Rząsawa (przystanek kolejowy)"
      },
      "geometry": {
        "type": "Point",
        "coordinates": [
          19.1779938,
          50.8858132
        ]
      },
      "id": "node/10704357538"
    },
    {
      "type": "Feature",
      "properties": {
        "@id": "node/10777657496",
        "name": "Zgierz Rudunki",
        "operator": "PKP Polskie Linie Kolejowe",
        "operator:short": "PKP PLK",
        "railway": "halt",
        "train": "yes"
      },
      "geometry": {
        "type": "Point",
        "coordinates": [
          19.4374581,
          51.8611801
        ]
      },
      "id": "node/10777657496"
    },
    {
      "type": "Feature",
      "properties": {
        "@id": "node/10815939000",
        "name": "Jedlicze koło Zgierza",
        "operator": "PKP Polskie Linie Kolejowe",
        "operator:short": "PKP PLK",
        "railway": "halt",
        "train": "yes"
      },
      "geometry": {
        "type": "Point",
        "coordinates": [
          19.3207369,
          51.8693884
        ]
      },
      "id": "node/10815939000"
    },
    {
      "type": "Feature",
      "properties": {
        "@id": "node/11225082993",
        "name": "Pabianice Północne",
        "network": "Łódzka Kolej Aglomeracyjna",
        "operator": "PKP Polskie Linie Kolejowe",
        "operator:short": "PKP PLK",
        "public_transport": "station",
        "railway": "halt",
        "train": "yes",
        "wikidata": "Q110417287",
        "wikipedia": "pl:Pabianice Północne"
      },
      "geometry": {
        "type": "Point",
        "coordinates": [
          19.3418881,
          51.6698448
        ]
      },
      "id": "node/11225082993"
    },
    {
      "type": "Feature",
      "properties": {
        "@id": "node/11836752811",
        "name": "Patrzyków",
        "network": "Koleje Wielkopolskie",
        "network:short": "KW",
        "operator": "PKP Polskie Linie Kolejowe",
        "operator:short": "PKP PLK",
        "public_transport": "station",
        "railway": "halt",
        "start_date": "2024-03-10",
        "wikidata": "Q2800970",
        "wikipedia": "pl:Patrzyków (stacja kolejowa)"
      },
      "geometry": {
        "type": "Point",
        "coordinates": [
          18.3670293,
          52.2293796
        ]
      },
      "id": "node/11836752811"
    },
    {
      "type": "Feature",
      "properties": {
        "@id": "node/12104227000",
        "name": "Zbiersk",
        "name:de": "Vorwalde",
        "operator": "SKPL",
        "public_transport": "station",
        "railway": "station",
        "train": "yes",
        "wikidata": "Q15887164",
        "wikipedia": "pl:Zbiersk (stacja kolejowa)"
      },
      "geometry": {
        "type": "Point",
        "coordinates": [
          18.1466398,
          51.9477364
        ]
      },
      "id": "node/12104227000"
    },
    {
      "type": "Feature",
      "properties": {
        "@id": "node/12160666277",
        "name": "Głowno Północne",
        "network": "PKP Polskie Linie Kolejowe S.A.",
        "opening_date": "2024-09-01",
        "operator": "PKP Polskie Linie Kolejowe",
        "operator:short": "PKP PLK",
        "public_transport": "station",
        "railway": "halt",
        "train": "yes"
      },
      "geometry": {
        "type": "Point",
        "coordinates": [
          19.7220204,
          51.9790132
        ]
      },
      "id": "node/12160666277"
    },
    {
      "type": "Feature",
      "properties": {
        "@id": "node/12382445571",
        "name": "Rudniki Koło Częstochowy",
        "public_transport": "station",
        "railway": "station",
        "train": "yes"
      },
      "geometry": {
        "type": "Point",
        "coordinates": [
          19.2322384,
          50.8782395
        ]
      },
      "id": "node/12382445571"
    },
    {
      "type": "Feature",
      "properties": {
        "@id": "node/12436825969",
        "name": "Ważne Młyny",
        "operator": "PKP Polskie Linie Kolejowe",
        "operator:short": "PKP PLK",
        "public_transport": "station",
        "railway": "halt",
        "train": "yes",
        "wikidata": "Q582115",
        "wikipedia": "pl:Ważne Młyny (przystanek kolejowy)"
      },
      "geometry": {
        "type": "Point",
        "coordinates": [
          19.1467955,
          51.0393679
        ]
      },
      "id": "node/12436825969"
    },
    {
      "type": "Feature",
      "properties": {
        "@id": "node/12436825970",
        "name": "Stary Broniszew",
        "operator": "PKP Polskie Linie Kolejowe",
        "operator:short": "PKP PLK",
        "public_transport": "station",
        "railway": "halt",
        "train": "yes",
        "wikidata": "Q7602682",
        "wikipedia": "pl:Stary Broniszew"
      },
      "geometry": {
        "type": "Point",
        "coordinates": [
          19.1607855,
          50.9836582
        ]
      },
      "id": "node/12436825970"
    },
    {
      "type": "Feature",
      "properties": {
        "@id": "node/12436825971",
        "name": "Mykanów",
        "operator": "PKP Polskie Linie Kolejowe",
        "operator:short": "PKP PLK",
        "public_transport": "station",
        "railway": "halt",
        "train": "yes",
        "wikidata": "Q2450053",
        "wikipedia": "pl:Mykanów (przystanek kolejowy)"
      },
      "geometry": {
        "type": "Point",
        "coordinates": [
          19.1793103,
          50.925414
        ]
      },
      "id": "node/12436825971"
    },
    {
      "type": "Feature",
      "properties": {
        "@id": "node/12454328296",
        "name": "Piekoszów",
        "public_transport": "station",
        "railway": "halt",
        "start_date": "2024",
        "train": "yes",
        "wikidata": "Q136090756",
        "wikipedia": "pl:Piekoszów (przystanek kolejowy)"
      },
      "geometry": {
        "type": "Point",
        "coordinates": [
          20.4822766,
          50.8754969
        ]
      },
      "id": "node/12454328296"
    },
    {
      "type": "Feature",
      "properties": {
        "@id": "node/12480799248",
        "name": "Wistka",
        "operator": "PKP Polskie Linie Kolejowe",
        "operator:short": "PKP PLK",
        "public_transport": "station",
        "railway": "halt",
        "train": "yes",
        "wikidata": "Q2410985",
        "wikipedia": "pl:Wistka (przystanek kolejowy)"
      },
      "geometry": {
        "type": "Point",
        "coordinates": [
          19.0968874,
          51.1449487
        ]
      },
      "id": "node/12480799248"
    },
    {
      "type": "Feature",
      "properties": {
        "@id": "node/12529059962",
        "name": "Kępno",
        "name:pl": "Kępno",
        "network": "Polregio;PKP Intercity",
        "network:short": "PR;IC",
        "operator": "PKP Polskie Linie Kolejowe",
        "operator:short": "PKP PLK",
        "public_transport": "station",
        "railway": "station",
        "railway:ref": "Kp",
        "train": "yes",
        "wikidata": "Q2553279",
        "wikipedia": "pl:Kępno (stacja kolejowa)"
      },
      "geometry": {
        "type": "Point",
        "coordinates": [
          18.0014127,
          51.2919541
        ]
      },
      "id": "node/12529059962"
    },
    {
      "type": "Feature",
      "properties": {
        "@id": "node/12604298029",
        "name": "Osowiec Śląski",
        "public_transport": "station",
        "railway": "halt",
        "train": "yes"
      },
      "geometry": {
        "type": "Point",
        "coordinates": [
          18.0450468,
          50.773917
        ]
      },
      "id": "node/12604298029"
    },
    {
      "type": "Feature",
      "properties": {
        "@id": "node/12604302798",
        "name": "Izabelów",
        "name:pl": "Izabelów",
        "network": "Łódzka Kolej Aglomeracyjna",
        "network:short": "ŁKA",
        "operator": "PKP Polskie Linie Kolejowe",
        "operator:short": "PKP PLK",
        "public_transport": "station",
        "railway": "halt",
        "start_date": "2025-03-09",
        "train": "yes"
      },
      "geometry": {
        "type": "Point",
        "coordinates": [
          18.9142215,
          51.6101301
        ]
      },
      "id": "node/12604302798"
    },
    {
      "type": "Feature",
      "properties": {
        "@id": "node/12925735523",
        "addr:housenumber": "66",
        "addr:place": "Petryki",
        "addr:postcode": "62-820",
        "name": "Petryki",
        "railway": "halt",
        "source:addr": "stawiszyn.e-mapa.net"
      },
      "geometry": {
        "type": "Point",
        "coordinates": [
          18.1454463,
          51.9228151
        ]
      },
      "id": "node/12925735523"
    },
    {
      "type": "Feature",
      "properties": {
        "@id": "node/13408909856",
        "name": "Mnichów",
        "operator": "PKP Polskie Linie Kolejowe",
        "operator:short": "PKP PLK",
        "public_transport": "station",
        "railway": "halt",
        "start_date": "2025-12-14",
        "train": "yes",
        "wikipedia": "pl:Mnichów_(przystanek_kolejowy)"
      },
      "geometry": {
        "type": "Point",
        "coordinates": [
          20.3336138,
          50.7078946
        ]
      },
      "id": "node/13408909856"
    }
  ]
}